"year";"plot";"SAD.model";"sp";"rel.abund";"sp.rank"
2015;1;"niche_fitness";"PUPA";0,396090815660661;1
2015;1;"niche_fitness";"CETE";0,296784302472262;2
2015;1;"niche_fitness";"LEMA";0,057547486612016;3
2015;1;"niche_fitness";"SPRU";0,055438068285053;4
2015;1;"niche_fitness";"POMA";0,0361683147565046;5
2015;1;"niche_fitness";"SOAS";0,0332595755471053;6
2015;1;"niche_fitness";"POMO";0,0283214435750279;7
2015;1;"niche_fitness";"PLCO";0,0195865950485336;8
2015;1;"niche_fitness";"BEMA";0,0182975293859772;9
2015;1;"niche_fitness";"HOMA";0,0176060752312073;10
2015;1;"niche_fitness";"SASO";0,0155147455730332;11
2015;1;"niche_fitness";"MESU";0,0126579352401123;12
2015;1;"niche_fitness";"SCLA";0,00586770375261752;13
2015;1;"niche_fitness";"PAIN";0,00508261152295787;14
2015;1;"niche_fitness";"MEEL";0,00177679733693087;15
2015;2;"niche_fitness";"PUPA";0,432676754358509;1
2015;2;"niche_fitness";"CETE";0,264518686901267;2
2015;2;"niche_fitness";"SPRU";0,0713595471225156;3
2015;2;"niche_fitness";"LEMA";0,0546732988528571;4
2015;2;"niche_fitness";"SOAS";0,0395561007249912;5
2015;2;"niche_fitness";"POMA";0,0257565087272918;6
2015;2;"niche_fitness";"POMO";0,0223142113176011;7
2015;2;"niche_fitness";"BEMA";0,0182422820079335;8
2015;2;"niche_fitness";"PLCO";0,0172411636935587;9
2015;2;"niche_fitness";"SASO";0,0165418899041721;10
2015;2;"niche_fitness";"HOMA";0,0149935657439022;11
2015;2;"niche_fitness";"MESU";0,0109359545921805;12
2015;2;"niche_fitness";"SCLA";0,00481102273526361;13
2015;2;"niche_fitness";"PAIN";0,00373556317981407;14
2015;2;"niche_fitness";"MEEL";0,00264345013814231;15
2015;3;"niche_fitness";"PUPA";0,382114521544204;1
2015;3;"niche_fitness";"CETE";0,208797505592131;2
2015;3;"niche_fitness";"CHFU";0,14921124687927;3
2015;3;"niche_fitness";"LEMA";0,0728558967441412;4
2015;3;"niche_fitness";"SOAS";0,0652843349928126;5
2015;3;"niche_fitness";"POMA";0,0423759565528003;6
2015;3;"niche_fitness";"POMO";0,0421503256714706;7
2015;3;"niche_fitness";"MESU";0,0157960005194897;8
2015;3;"niche_fitness";"SASO";0,0127483832351849;9
2015;3;"niche_fitness";"MEEL";0,00591648420510149;10
2015;3;"niche_fitness";"PAIN";0,00274934406339424;11
2015;4;"niche_fitness";"PUPA";0,488947217818752;1
2015;4;"niche_fitness";"LEMA";0,292940666148301;2
2015;4;"niche_fitness";"PLCO";0,117394423662771;3
2015;4;"niche_fitness";"SASO";0,0475448401653601;4
2015;4;"niche_fitness";"BEMA";0,0373640404050857;5
2015;4;"niche_fitness";"PAIN";0,01580881179973;6
2015;5;"niche_fitness";"PUPA";0,515637786029773;1
2015;5;"niche_fitness";"LEMA";0,211838403319724;2
2015;5;"niche_fitness";"SOAS";0,105151617034248;3
2015;5;"niche_fitness";"PLCO";0,0880305267124688;4
2015;5;"niche_fitness";"BEMA";0,0331919762134747;5
2015;5;"niche_fitness";"SASO";0,0328353841485424;6
2015;5;"niche_fitness";"PAIN";0,0133143065417689;7
2015;6;"niche_fitness";"SPRU";0,373326230760005;1
2015;6;"niche_fitness";"LEMA";0,226348447795207;2
2015;6;"niche_fitness";"POMA";0,196320661804658;3
2015;6;"niche_fitness";"PLCO";0,0815492453359114;4
2015;6;"niche_fitness";"SCLA";0,0341724120131204;5
2015;6;"niche_fitness";"SASO";0,0335668525937419;6
2015;6;"niche_fitness";"BEMA";0,0270967623999436;7
2015;6;"niche_fitness";"PAIN";0,0132840062876885;8
2015;6;"niche_fitness";"MEEL";0,0115815546248921;9
2015;6;"niche_fitness";"MESU";0,00275382638483186;10
2015;7;"niche_fitness";"POMA";0,721223347228545;1
2015;7;"niche_fitness";"HOMA";0,196922418979799;2
2015;7;"niche_fitness";"SASO";0,081854233791656;3
2015;8;"niche_fitness";"POMA";0,727351597680854;1
2015;8;"niche_fitness";"HOMA";0,204593090629343;2
2015;8;"niche_fitness";"SASO";0,068055311689803;3
2016;1;"niche_fitness";"CHFU";0,472770405801508;1
2016;1;"niche_fitness";"LEMA";0,170585883247583;2
2016;1;"niche_fitness";"MESU";0,128725055135791;3
2016;1;"niche_fitness";"SASO";0,0700302863307137;4
2016;1;"niche_fitness";"BEMA";0,0635958024811223;5
2016;1;"niche_fitness";"PLCO";0,0415669967010046;6
2016;1;"niche_fitness";"HOMA";0,036789904250865;7
2016;1;"niche_fitness";"SCLA";0,0117105956680574;8
2016;1;"niche_fitness";"PAIN";0,00422507038335581;9
2016;2;"niche_fitness";"CHFU";0,507817550995044;1
2016;2;"niche_fitness";"LEMA";0,162019800128375;2
2016;2;"niche_fitness";"MESU";0,106165592812181;3
2016;2;"niche_fitness";"SASO";0,0740419196804936;4
2016;2;"niche_fitness";"BEMA";0,0637599000753593;5
2016;2;"niche_fitness";"PLCO";0,0356802328155671;6
2016;2;"niche_fitness";"HOMA";0,033368552092362;7
2016;2;"niche_fitness";"SCLA";0,0136305185730834;8
2016;2;"niche_fitness";"PAIN";0,00351593282753431;9
2016;3;"niche_fitness";"CHFU";0,585616668335087;1
2016;3;"niche_fitness";"LEMA";0,209796217632209;2
2016;3;"niche_fitness";"PLCO";0,0588108267466561;3
2016;3;"niche_fitness";"HOMA";0,0499385162321665;4
2016;3;"niche_fitness";"BEMA";0,0478587555300511;5
2016;3;"niche_fitness";"MESU";0,024760423586806;6
2016;3;"niche_fitness";"SCLA";0,0199002291782884;7
2016;3;"niche_fitness";"PAIN";0,0033183627587361;8
2016;4;"niche_fitness";"MESU";0,309926740305695;1
2016;4;"niche_fitness";"LEMA";0,284186928628805;2
2016;4;"niche_fitness";"SASO";0,140690058268394;3
2016;4;"niche_fitness";"BEMA";0,0961711934235823;4
2016;4;"niche_fitness";"PLCO";0,056164111356575;5
2016;4;"niche_fitness";"HOMA";0,0499866126307798;6
2016;4;"niche_fitness";"MEEL";0,0350976771755122;7
2016;4;"niche_fitness";"SCLA";0,0245456805914231;8
2016;4;"niche_fitness";"PAIN";0,00323099761923345;9
2016;5;"niche_fitness";"CHFU";0,438369876470958;1
2016;5;"niche_fitness";"MESU";0,21218039138916;2
2016;5;"niche_fitness";"LEMA";0,183902659243224;3
2016;5;"niche_fitness";"BEMA";0,0585926021684418;4
2016;5;"niche_fitness";"HOMA";0,0304055975783434;5
2016;5;"niche_fitness";"PLCO";0,028928478368174;6
2016;5;"niche_fitness";"SCLA";0,0282588289712599;7
2016;5;"niche_fitness";"MEEL";0,0193615658104396;8
2016;6;"niche_fitness";"LEMA";0,26598528794454;1
2016;6;"niche_fitness";"MESU";0,23814481787823;2
2016;6;"niche_fitness";"SOAS";0,152902150324502;3
2016;6;"niche_fitness";"BEMA";0,0805480773483219;4
2016;6;"niche_fitness";"SASO";0,0762202943584149;5
2016;6;"niche_fitness";"PLCO";0,0680879116295866;6
2016;6;"niche_fitness";"HOMA";0,0563339967635035;7
2016;6;"niche_fitness";"SCLA";0,0344249453072288;8
2016;6;"niche_fitness";"MEEL";0,0246963950542503;9
2016;6;"niche_fitness";"PAIN";0,00265612339142245;10
2016;7;"niche_fitness";"PUPA";0,485132032741228;1
2016;7;"niche_fitness";"CHFU";0,169378341188543;2
2016;7;"niche_fitness";"LEMA";0,0952862442040207;3
2016;7;"niche_fitness";"SOAS";0,0914733226584322;4
2016;7;"niche_fitness";"MESU";0,0705354600919709;5
2016;7;"niche_fitness";"POMA";0,0366727064830978;6
2016;7;"niche_fitness";"BEMA";0,0243513184004606;7
2016;7;"niche_fitness";"SASO";0,00997556245846554;8
2016;7;"niche_fitness";"HOMA";0,00983686719498334;9
2016;7;"niche_fitness";"SCLA";0,00735814457879823;10
2016;8;"niche_fitness";"PUPA";0,437773734932527;1
2016;8;"niche_fitness";"CHFU";0,232863378201172;2
2016;8;"niche_fitness";"SOAS";0,0923065969672354;3
2016;8;"niche_fitness";"MESU";0,0819078928530766;4
2016;8;"niche_fitness";"POMA";0,0577206305617806;5
2016;8;"niche_fitness";"BEMA";0,0271269193319267;6
2016;8;"niche_fitness";"SASO";0,0195213742296653;7
2016;8;"niche_fitness";"HOMA";0,0166112537543222;8
2016;8;"niche_fitness";"POMO";0,012782232174001;9
2016;8;"niche_fitness";"PLCO";0,0123232215734507;10
2016;8;"niche_fitness";"SCLA";0,00779676389989485;11
2016;8;"niche_fitness";"PAIN";0,00126600152094748;12
2016;9;"niche_fitness";"SPRU";0,408033460019874;1
2016;9;"niche_fitness";"LEMA";0,137089789474812;2
2016;9;"niche_fitness";"SOAS";0,128786036197245;3
2016;9;"niche_fitness";"MESU";0,109994406851062;4
2016;9;"niche_fitness";"POMA";0,0475055996883856;5
2016;9;"niche_fitness";"POMO";0,0397903921449416;6
2016;9;"niche_fitness";"BEMA";0,0396803414182764;7
2016;9;"niche_fitness";"SASO";0,0339388410699146;8
2016;9;"niche_fitness";"PLCO";0,0277939240607666;9
2016;9;"niche_fitness";"SCLA";0,0129957985817077;10
2016;9;"niche_fitness";"HOMA";0,0120426661393413;11
2016;9;"niche_fitness";"PAIN";0,00234874435367397;12
2017;1;"niche_fitness";"PUPA";0,401038480667116;1
2017;1;"niche_fitness";"CHMI";0,239708233559027;2
2017;1;"niche_fitness";"CETE";0,199206861969136;3
2017;1;"niche_fitness";"LEMA";0,041289335494637;4
2017;1;"niche_fitness";"POMA";0,0280970380070472;5
2017;1;"niche_fitness";"SASO";0,0277116711569282;6
2017;1;"niche_fitness";"PAIN";0,0226839231000895;7
2017;1;"niche_fitness";"HOMA";0,0157448064402867;8
2017;1;"niche_fitness";"BEMA";0,0133060777331056;9
2017;1;"niche_fitness";"MESU";0,00653328399118019;10
2017;1;"niche_fitness";"PLCO";0,00316979900499354;11
2017;1;"niche_fitness";"SCLA";0,00151048887645337;12
2017;2;"niche_fitness";"PUPA";0,394420168689929;1
2017;2;"niche_fitness";"CETE";0,282910700298478;2
2017;2;"niche_fitness";"CHMI";0,13221204059625;3
2017;2;"niche_fitness";"CHFU";0,0973254054169791;4
2017;2;"niche_fitness";"LEMA";0,0215111047518202;5
2017;2;"niche_fitness";"BEMA";0,0146980664738057;6
2017;2;"niche_fitness";"POMA";0,0137587543189028;7
2017;2;"niche_fitness";"HOMA";0,00843384078488593;8
2017;2;"niche_fitness";"SASO";0,00790088418244968;9
2017;2;"niche_fitness";"PAIN";0,00788448453046844;10
2017;2;"niche_fitness";"MESU";0,00746460107254526;11
2017;2;"niche_fitness";"POMO";0,00708945768126055;12
2017;2;"niche_fitness";"SCLA";0,0024107968218397;13
2017;2;"niche_fitness";"MEEL";0,00197969438038509;14
2017;3;"niche_fitness";"PUPA";0,296008419633574;1
2017;3;"niche_fitness";"CHMI";0,209863496867024;2
2017;3;"niche_fitness";"CETE";0,207855946066492;3
2017;3;"niche_fitness";"CHFU";0,165220817749595;4
2017;3;"niche_fitness";"LEMA";0,0355799866299789;5
2017;3;"niche_fitness";"POMA";0,0229399495167503;6
2017;3;"niche_fitness";"SASO";0,0153640423567467;7
2017;3;"niche_fitness";"BEMA";0,010592771401052;8
2017;3;"niche_fitness";"HOMA";0,0104900519729404;9
2017;3;"niche_fitness";"POMO";0,00930414147641043;10
2017;3;"niche_fitness";"PAIN";0,00914192554526624;11
2017;3;"niche_fitness";"PLCO";0,00338125418434975;12
2017;3;"niche_fitness";"MESU";0,00276881474294149;13
2017;3;"niche_fitness";"SCLA";0,00148838185687893;14
2017;4;"niche_fitness";"PUPA";0,432639220688224;1
2017;4;"niche_fitness";"SPRU";0,338396631746639;2
2017;4;"niche_fitness";"CHFU";0,119039589192315;3
2017;4;"niche_fitness";"POMA";0,0304701903558369;4
2017;4;"niche_fitness";"SASO";0,0287702070091964;5
2017;4;"niche_fitness";"LEMA";0,0252080004228679;6
2017;4;"niche_fitness";"HOMA";0,00839008160624519;7
2017;4;"niche_fitness";"LYTR";0,00606108427711473;8
2017;4;"niche_fitness";"POMO";0,00508640503228162;9
2017;4;"niche_fitness";"PLCO";0,00431611793741093;10
2017;4;"niche_fitness";"PAIN";0,00162247173186769;11
2017;5;"niche_fitness";"PUPA";0,340380300838276;1
2017;5;"niche_fitness";"SPRU";0,264842896133522;2
2017;5;"niche_fitness";"CETE";0,22696285793552;3
2017;5;"niche_fitness";"CHFU";0,086258954480748;4
2017;5;"niche_fitness";"POMA";0,0192843539943162;5
2017;5;"niche_fitness";"LEMA";0,0184238178198238;6
2017;5;"niche_fitness";"BEMA";0,0120418238759477;7
2017;5;"niche_fitness";"SASO";0,0119382088895632;8
2017;5;"niche_fitness";"LYTR";0,00848549243789223;9
2017;5;"niche_fitness";"HOMA";0,00660865229595817;10
2017;5;"niche_fitness";"PAIN";0,00258872797679924;11
2017;5;"niche_fitness";"PLCO";0,0021839133216331;12
2017;6;"niche_fitness";"PUPA";0,785909386009911;1
2017;6;"niche_fitness";"POMA";0,068941411226195;2
2017;6;"niche_fitness";"LEMA";0,0613134649666344;3
2017;6;"niche_fitness";"SASO";0,0368793545411779;4
2017;6;"niche_fitness";"HOMA";0,0185504814680416;5
2017;6;"niche_fitness";"PLCO";0,018130436256038;6
2017;6;"niche_fitness";"LYTR";0,00627018900152359;7
2017;6;"niche_fitness";"PAIN";0,00400527653047882;8
2017;8;"niche_fitness";"PUPA";0,66364588869138;1
2017;8;"niche_fitness";"LYTR";0,257074379306536;2
2017;8;"niche_fitness";"POMA";0,0792797320020845;3
2018;1;"niche_fitness";"PUPA";0,486653775187932;1
2018;1;"niche_fitness";"CETE";0,398448435915632;2
2018;1;"niche_fitness";"POMA";0,0365024449748608;3
2018;1;"niche_fitness";"LEMA";0,0360091736066285;4
2018;1;"niche_fitness";"SASO";0,0188632879941804;5
2018;1;"niche_fitness";"BEMA";0,0148784110666345;6
2018;1;"niche_fitness";"HOMA";0,00864447125413149;7
2018;2;"niche_fitness";"PUPA";0,487900412336994;1
2018;2;"niche_fitness";"CETE";0,399659313239897;2
2018;2;"niche_fitness";"POMA";0,0388739784283208;3
2018;2;"niche_fitness";"LEMA";0,0382192429203022;4
2018;2;"niche_fitness";"BEMA";0,0152950806677905;5
2018;2;"niche_fitness";"SASO";0,0109126043226157;6
2018;2;"niche_fitness";"HOMA";0,00830964150327258;7
2018;2;"niche_fitness";"PAIN";0,000829726580807605;8
2018;3;"niche_fitness";"PUPA";0,439595251855829;1
2018;3;"niche_fitness";"CETE";0,362717581955306;2
2018;3;"niche_fitness";"CHMI";0,118993804222648;3
2018;3;"niche_fitness";"LEMA";0,0258907973664559;4
2018;3;"niche_fitness";"POMA";0,0226378733007252;5
2018;3;"niche_fitness";"BEMA";0,0141128517272465;6
2018;3;"niche_fitness";"SASO";0,00830190472922276;7
2018;3;"niche_fitness";"HOMA";0,0069195316319519;8
2018;3;"niche_fitness";"PAIN";0,000830403210615296;9
2018;4;"niche_fitness";"PUPA";0,698138844008418;1
2018;4;"niche_fitness";"LYTR";0,143681428275905;2
2018;4;"niche_fitness";"POMA";0,108835125471453;3
2018;4;"niche_fitness";"SASO";0,0308441064897655;4
2018;4;"niche_fitness";"HOMA";0,0169479528473184;5
2018;4;"niche_fitness";"PAIN";0,00155254290714023;6
2018;5;"niche_fitness";"PUPA";0,850002027080531;1
2018;5;"niche_fitness";"POMA";0,0812303326886801;2
2018;5;"niche_fitness";"BEMA";0,0285570082305186;3
2018;5;"niche_fitness";"SASO";0,0225218522448226;4
2018;5;"niche_fitness";"HOMA";0,0176887797554482;5
2018;6;"niche_fitness";"PUPA";0,944890599479855;1
2018;6;"niche_fitness";"SASO";0,0378977763725106;2
2018;6;"niche_fitness";"HOMA";0,0157549640738215;3
2018;6;"niche_fitness";"PAIN";0,00145666007381336;4
2019;1;"niche_fitness";"SASO";0,26120691745511;1
2019;1;"niche_fitness";"LEMA";0,24135989646922;2
2019;1;"niche_fitness";"POMA";0,191122986829405;3
2019;1;"niche_fitness";"PAIN";0,129120220275982;4
2019;1;"niche_fitness";"HOMA";0,0818858112979525;5
2019;1;"niche_fitness";"MESU";0,0667150573034547;6
2019;1;"niche_fitness";"MEEL";0,0285891103688752;7
2019;2;"niche_fitness";"PUPA";0,543981983906921;1
2019;2;"niche_fitness";"CETE";0,190467564566564;2
2019;2;"niche_fitness";"CHMI";0,104488072531611;3
2019;2;"niche_fitness";"LEMA";0,0365633985413243;4
2019;2;"niche_fitness";"SASO";0,0245205606419993;5
2019;2;"niche_fitness";"MESU";0,0226910273662551;6
2019;2;"niche_fitness";"BEMA";0,021708701439586;7
2019;2;"niche_fitness";"POMA";0,0214470516258356;8
2019;2;"niche_fitness";"PAIN";0,0194875240449925;9
2019;2;"niche_fitness";"HOMA";0,0107359661068258;10
2019;2;"niche_fitness";"MEEL";0,00346972016055338;11
2019;2;"niche_fitness";"SCLA";0,000438429067532012;12
2019;3;"niche_fitness";"LEMA";0,245371979309458;1
2019;3;"niche_fitness";"POMA";0,201421554259213;2
2019;3;"niche_fitness";"SASO";0,188654070535937;3
2019;3;"niche_fitness";"PAIN";0,146438306278062;4
2019;3;"niche_fitness";"MESU";0,145526076016022;5
2019;3;"niche_fitness";"HOMA";0,0725880136013077;6
2019;4;"niche_fitness";"SPRU";0,466564884917017;1
2019;4;"niche_fitness";"CETE";0,190712415667158;2
2019;4;"niche_fitness";"CHFU";0,155227973002653;3
2019;4;"niche_fitness";"SASO";0,0473341229644176;4
2019;4;"niche_fitness";"POMA";0,0431511288989358;5
2019;4;"niche_fitness";"LEMA";0,0406766338505838;6
2019;4;"niche_fitness";"HOMA";0,0137358197525737;7
2019;4;"niche_fitness";"BEMA";0,013266428075477;8
2019;4;"niche_fitness";"MESU";0,0118762100951021;9
2019;4;"niche_fitness";"PAIN";0,00882582635558232;10
2019;4;"niche_fitness";"PLCO";0,00862855642050061;11
2019;5;"niche_fitness";"CETE";0,403066831540713;1
2019;5;"niche_fitness";"LEMA";0,133323703321555;2
2019;5;"niche_fitness";"POMA";0,132807633064385;3
2019;5;"niche_fitness";"SASO";0,129653347641269;4
2019;5;"niche_fitness";"SOAS";0,0772608611579142;5
2019;5;"niche_fitness";"PAIN";0,0670492213698611;6
2019;5;"niche_fitness";"HOMA";0,0440698831693409;7
2019;5;"niche_fitness";"MEEL";0,0127685187349621;8
2019;6;"niche_fitness";"SPRU";0,673965481668873;1
2019;6;"niche_fitness";"CETE";0,127208125412265;2
2019;6;"niche_fitness";"POMA";0,0742080692922697;3
2019;6;"niche_fitness";"LEMA";0,0695119490209436;4
2019;6;"niche_fitness";"PAIN";0,0214751269251052;5
2019;6;"niche_fitness";"HOMA";0,0205540704359352;6
2019;6;"niche_fitness";"PLCO";0,0130771772446084;7
2019;7;"niche_fitness";"PUPA";0,301075261860565;1
2019;7;"niche_fitness";"SPRU";0,231973179690636;2
2019;7;"niche_fitness";"CHFU";0,1530324869025;3
2019;7;"niche_fitness";"CETE";0,121244880451081;4
2019;7;"niche_fitness";"SOAS";0,0708999374898889;5
2019;7;"niche_fitness";"LEMA";0,0580025352803893;6
2019;7;"niche_fitness";"BEMA";0,022585238387501;7
2019;7;"niche_fitness";"POMA";0,0115508207812725;8
2019;7;"niche_fitness";"MESU";0,00883831819536461;9
2019;7;"niche_fitness";"PLCO";0,0064627061987043;10
2019;7;"niche_fitness";"SASO";0,0055466710568035;11
2019;7;"niche_fitness";"PAIN";0,00421844142504034;12
2019;7;"niche_fitness";"HOMA";0,00203655436930162;13
2019;7;"niche_fitness";"POMO";0,00190005651191713;14
2019;7;"niche_fitness";"SCLA";0,000632911399035725;15
2019;8;"niche_fitness";"SPRU";0,317936404833355;1
2019;8;"niche_fitness";"CHFU";0,202462785840394;2
2019;8;"niche_fitness";"PUPA";0,182212647977351;3
2019;8;"niche_fitness";"LEMA";0,0813653859717347;4
2019;8;"niche_fitness";"SOAS";0,0696426332078115;5
2019;8;"niche_fitness";"CETE";0,0515898384007953;6
2019;8;"niche_fitness";"POMA";0,0327363633873778;7
2019;8;"niche_fitness";"BEMA";0,0162685557720551;8
2019;8;"niche_fitness";"HOMA";0,0118812932420151;9
2019;8;"niche_fitness";"SCLA";0,00896712864340591;10
2019;8;"niche_fitness";"POMO";0,00873477116266569;11
2019;8;"niche_fitness";"MESU";0,00514394122880614;12
2019;8;"niche_fitness";"SASO";0,00437380503426598;13
2019;8;"niche_fitness";"PLCO";0,00389239052094405;14
2019;8;"niche_fitness";"PAIN";0,00279205477702343;15
2019;9;"niche_fitness";"CHFU";0,354504755209757;1
2019;9;"niche_fitness";"SOAS";0,183615725495255;2
2019;9;"niche_fitness";"LEMA";0,127113706433747;3
2019;9;"niche_fitness";"POMO";0,09567007310173;4
2019;9;"niche_fitness";"POMA";0,0763173753792855;5
2019;9;"niche_fitness";"SASO";0,063586052429248;6
2019;9;"niche_fitness";"PLCO";0,0427707151771375;7
2019;9;"niche_fitness";"HOMA";0,0289565940634374;8
2019;9;"niche_fitness";"BEMA";0,014505429075501;9
2019;9;"niche_fitness";"PAIN";0,00826491136487648;10
2019;9;"niche_fitness";"MESU";0,00469466227002484;11
2015;4;"only.fitness";"PLCO";1;1
2015;5;"only.fitness";"PLCO";1;1
2016;1;"only.fitness";"LEMA";0,663325765546265;1
2016;1;"only.fitness";"PLCO";0,336674234453735;2
2016;2;"only.fitness";"LEMA";0,478047742253025;1
2016;2;"only.fitness";"SCLA";0,380414901329573;2
2016;2;"only.fitness";"PLCO";0,141537356417402;3
2016;3;"only.fitness";"PLCO";0,426604404215509;1
2016;3;"only.fitness";"SCLA";0,35570357102877;2
2016;3;"only.fitness";"LEMA";0,217692024755721;3
2016;4;"only.fitness";"BEMA";0,589299201302645;1
2016;4;"only.fitness";"HOMA";0,270761027909797;2
2016;4;"only.fitness";"MEEL";0,0729529410176922;3
2016;4;"only.fitness";"SCLA";0,0373555942983298;4
2016;4;"only.fitness";"LEMA";0,0228617748628083;5
2016;4;"only.fitness";"PLCO";0,00676946060872767;6
2016;5;"only.fitness";"MEEL";0,683974559482848;1
2016;5;"only.fitness";"LEMA";0,189239912417892;2
2016;5;"only.fitness";"PLCO";0,12678552809926;3
2016;6;"only.fitness";"BEMA";0,911759213823209;1
2016;6;"only.fitness";"MEEL";0,0288066559066509;2
2016;6;"only.fitness";"SCLA";0,0267901899931853;3
2016;6;"only.fitness";"PLCO";0,0221805845855338;4
2016;6;"only.fitness";"LEMA";0,0104633556914214;5
2016;7;"only.fitness";"BEMA";0,741321637978702;1
2016;7;"only.fitness";"HOMA";0,258678362021298;2
2016;8;"only.fitness";"PLCO";1;1
2016;9;"only.fitness";"PLCO";0,862656072644722;1
2016;9;"only.fitness";"LEMA";0,137343927355278;2
2017;4;"only.fitness";"POMA";0,885141239028949;1
2017;4;"only.fitness";"PLCO";0,0587905482913604;2
2017;4;"only.fitness";"PAIN";0,0398680843676229;3
2017;4;"only.fitness";"LEMA";0,0162001283120677;4
2017;5;"only.fitness";"POMA";0,843423093680731;1
2017;5;"only.fitness";"PAIN";0,156576906319269;2
2017;6;"only.fitness";"PLCO";1;1
2019;1;"only.fitness";"PAIN";1;1
2019;3;"only.fitness";"PAIN";0,626224184751441;1
2019;3;"only.fitness";"POMA";0,373775815248559;2
2019;5;"only.fitness";"PAIN";1;1
2015;1;"only.niche";"PUPA";0,247864961153839;1
2015;1;"only.niche";"CETE";0,13990749150434;2
2015;1;"only.niche";"LEMA";0,0928788191021403;3
2015;1;"only.niche";"HOMA";0,0877578524639566;4
2015;1;"only.niche";"POMA";0,0620134484071047;5
2015;1;"only.niche";"POMO";0,0583416081063644;6
2015;1;"only.niche";"BEMA";0,0583174006609658;7
2015;1;"only.niche";"PLCO";0,0577762035779041;8
2015;1;"only.niche";"SASO";0,0490970620228097;9
2015;1;"only.niche";"SOAS";0,0486974517028496;10
2015;1;"only.niche";"SPRU";0,0338477173766615;11
2015;1;"only.niche";"MESU";0,0258284004875902;12
2015;1;"only.niche";"SCLA";0,0178023982937783;13
2015;1;"only.niche";"MEEL";0,011123892918904;14
2015;1;"only.niche";"PAIN";0,00874529222079117;15
2015;2;"only.niche";"PUPA";0,284063464609633;1
2015;2;"only.niche";"CETE";0,119923158440897;2
2015;2;"only.niche";"LEMA";0,0901894251086851;3
2015;2;"only.niche";"HOMA";0,0758647939257728;4
2015;2;"only.niche";"BEMA";0,062855117293711;5
2015;2;"only.niche";"SASO";0,0588911816363276;6
2015;2;"only.niche";"SOAS";0,056719460798799;7
2015;2;"only.niche";"PLCO";0,051267184296098;8
2015;2;"only.niche";"POMO";0,0475605036319778;9
2015;2;"only.niche";"POMA";0,0443869185396902;10
2015;2;"only.niche";"SPRU";0,0425238587305046;11
2015;2;"only.niche";"MEEL";0,0230980017499618;12
2015;2;"only.niche";"MESU";0,0217143018516648;13
2015;2;"only.niche";"SCLA";0,0149247856073483;14
2015;2;"only.niche";"PAIN";0,00601784377892828;15
2015;3;"only.niche";"PUPA";0,261383497017626;1
2015;3;"only.niche";"CHFU";0,143476411815121;2
2015;3;"only.niche";"LEMA";0,113231916894652;3
2015;3;"only.niche";"CETE";0,109608158764315;4
2015;3;"only.niche";"SOAS";0,0871727858134366;5
2015;3;"only.niche";"POMO";0,082666732479566;6
2015;3;"only.niche";"POMA";0,0704735678601852;7
2015;3;"only.niche";"MEEL";0,0535889817028676;8
2015;3;"only.niche";"SASO";0,040522783497808;9
2015;3;"only.niche";"MESU";0,0325644722657436;10
2015;3;"only.niche";"PAIN";0,00531069188868018;11
2015;4;"only.niche";"LEMA";0,295521488599087;1
2015;4;"only.niche";"PUPA";0,248011410469552;2
2015;4;"only.niche";"PLCO";0,236962710230354;3
2015;4;"only.niche";"SASO";0,114891968263519;4
2015;4;"only.niche";"BEMA";0,0757256556558456;5
2015;4;"only.niche";"PAIN";0,0288867667816427;6
2015;5;"only.niche";"PUPA";0,265634971480567;1
2015;5;"only.niche";"LEMA";0,235173300265293;2
2015;5;"only.niche";"PLCO";0,1935068387109;3
2015;5;"only.niche";"SOAS";0,110562384787942;4
2015;5;"only.niche";"SASO";0,0849496671598484;5
2015;5;"only.niche";"BEMA";0,0845769196111571;6
2015;5;"only.niche";"PAIN";0,025595917984293;7
2015;6;"only.niche";"POMA";0,206085268326161;1
2015;6;"only.niche";"LEMA";0,205786879330834;2
2015;6;"only.niche";"SPRU";0,156412987886149;3
2015;6;"only.niche";"PLCO";0,146217828105945;4
2015;6;"only.niche";"MEEL";0,0768815927915518;5
2015;6;"only.niche";"SASO";0,0728753094390257;6
2015;6;"only.niche";"SCLA";0,0573090458469875;7
2015;6;"only.niche";"BEMA";0,0533230801386981;8
2015;6;"only.niche";"PAIN";0,0218847285593076;9
2015;6;"only.niche";"MESU";0,0032232795753405;10
2015;7;"only.niche";"POMA";0,490336534258678;1
2015;7;"only.niche";"HOMA";0,405050493319716;2
2015;7;"only.niche";"SASO";0,104612972421606;3
2015;8;"only.niche";"POMA";0,492186243787818;1
2015;8;"only.niche";"HOMA";0,419333761197696;2
2015;8;"only.niche";"SASO";0,0884799950144859;3
2016;1;"only.niche";"CHFU";0,315982588275416;1
2016;1;"only.niche";"LEMA";0,142531348402716;2
2016;1;"only.niche";"MESU";0,130528276656435;3
2016;1;"only.niche";"SASO";0,120543776089104;4
2016;1;"only.niche";"BEMA";0,109451914310979;5
2016;1;"only.niche";"HOMA";0,0933690522960724;6
2016;1;"only.niche";"PLCO";0,0667890047230148;7
2016;1;"only.niche";"SCLA";0,0156904842871124;8
2016;1;"only.niche";"PAIN";0,00511355495915001;9
2016;2;"only.niche";"CHFU";0,347967975825643;1
2016;2;"only.niche";"LEMA";0,135080503029024;2
2016;2;"only.niche";"SASO";0,130153201208889;3
2016;2;"only.niche";"MESU";0,113198029189637;4
2016;2;"only.niche";"BEMA";0,111278435788596;5
2016;2;"only.niche";"HOMA";0,0783280551287254;6
2016;2;"only.niche";"PLCO";0,0599649426402308;7
2016;2;"only.niche";"SCLA";0,0194063734260359;8
2016;2;"only.niche";"PAIN";0,00462248376321874;9
2016;3;"only.niche";"CHFU";0,401934981441319;1
2016;3;"only.niche";"LEMA";0,196975684629804;2
2016;3;"only.niche";"HOMA";0,139463215271571;3
2016;3;"only.niche";"PLCO";0,106466440969366;4
2016;3;"only.niche";"BEMA";0,0900854494518537;5
2016;3;"only.niche";"SCLA";0,0332440134856762;6
2016;3;"only.niche";"MESU";0,0274640820302607;7
2016;3;"only.niche";"PAIN";0,0043661327201481;8
2016;4;"only.niche";"MESU";0,231302265169167;1
2016;4;"only.niche";"SASO";0,181783736130445;2
2016;4;"only.niche";"LEMA";0,162727530436691;3
2016;4;"only.niche";"MEEL";0,127752807878885;4
2016;4;"only.niche";"BEMA";0,115400300832639;5
2016;4;"only.niche";"HOMA";0,0854755489884424;6
2016;4;"only.niche";"PLCO";0,0641527948485178;7
2016;4;"only.niche";"SCLA";0,0279723284565718;8
2016;4;"only.niche";"PAIN";0,00343268725864117;9
2016;5;"only.niche";"CHFU";0,271275133413493;1
2016;5;"only.niche";"MESU";0,215135590308087;2
2016;5;"only.niche";"LEMA";0,145856454187545;3
2016;5;"only.niche";"MEEL";0,105843431565131;4
2016;5;"only.niche";"BEMA";0,10289471946351;5
2016;5;"only.niche";"HOMA";0,072707172296236;6
2016;5;"only.niche";"PLCO";0,0467163137084907;7
2016;5;"only.niche";"SCLA";0,039571185057508;8
2016;6;"only.niche";"MESU";0,190718832770997;1
2016;6;"only.niche";"LEMA";0,163939424844688;2
2016;6;"only.niche";"BEMA";0,106777047797739;3
2016;6;"only.niche";"SOAS";0,106026284440661;4
2016;6;"only.niche";"SASO";0,105379326128823;5
2016;6;"only.niche";"HOMA";0,104149731150691;6
2016;6;"only.niche";"MEEL";0,0966746945671089;7
2016;6;"only.niche";"PLCO";0,0850138880044193;8
2016;6;"only.niche";"SCLA";0,038200210399888;9
2016;6;"only.niche";"PAIN";0,00312055989498501;10
2016;7;"only.niche";"PUPA";0,28497410468594;1
2016;7;"only.niche";"CHFU";0,149756130039359;2
2016;7;"only.niche";"LEMA";0,134424688536932;3
2016;7;"only.niche";"MESU";0,121431580130243;4
2016;7;"only.niche";"SOAS";0,102696710881449;5
2016;7;"only.niche";"BEMA";0,0685900441155623;6
2016;7;"only.niche";"POMA";0,0504255896812172;7
2016;7;"only.niche";"HOMA";0,0416610465721926;8
2016;7;"only.niche";"SASO";0,0282813614932327;9
2016;7;"only.niche";"SCLA";0,0177587438638722;10
2016;8;"only.niche";"PUPA";0,229130371008322;1
2016;8;"only.niche";"CHFU";0,219133930988004;2
2016;8;"only.niche";"MESU";0,120883995681323;3
2016;8;"only.niche";"SOAS";0,0845676400122972;4
2016;8;"only.niche";"POMA";0,0814937820058455;5
2016;8;"only.niche";"BEMA";0,0734409894097652;6
2016;8;"only.niche";"HOMA";0,0591721678535007;7
2016;8;"only.niche";"SASO";0,0539263435470269;8
2016;8;"only.niche";"PLCO";0,0353965201352705;9
2016;8;"only.niche";"POMO";0,0208030617617042;10
2016;8;"only.niche";"SCLA";0,0195618505756072;11
2016;8;"only.niche";"PAIN";0,00248934702133284;12
2016;9;"only.niche";"SPRU";0,161507038792989;1
2016;9;"only.niche";"MESU";0,150380138620111;2
2016;9;"only.niche";"LEMA";0,145745468554595;3
2016;9;"only.niche";"SOAS";0,121619080059795;4
2016;9;"only.niche";"SASO";0,0929716276672397;5
2016;9;"only.niche";"BEMA";0,0882338428703703;6
2016;9;"only.niche";"POMO";0,0598972314124155;7
2016;9;"only.niche";"POMA";0,0551844502173953;8
2016;9;"only.niche";"PLCO";0,053912378304734;9
2016;9;"only.niche";"HOMA";0,0352993023222791;10
2016;9;"only.niche";"SCLA";0,0316373326201427;11
2016;9;"only.niche";"PAIN";0,00361210855793423;12
2017;1;"only.niche";"CHMI";0,273720348793709;1
2017;1;"only.niche";"PUPA";0,253747243441598;2
2017;1;"only.niche";"CETE";0,103014754357362;3
2017;1;"only.niche";"SASO";0,100006386418585;4
2017;1;"only.niche";"LEMA";0,0665214015968534;5
2017;1;"only.niche";"POMA";0,0501474855019188;6
2017;1;"only.niche";"HOMA";0,0494074285795169;7
2017;1;"only.niche";"BEMA";0,0451522946991729;8
2017;1;"only.niche";"PAIN";0,0297190319236726;9
2017;1;"only.niche";"MESU";0,0144461472373026;10
2017;1;"only.niche";"PLCO";0,0108295904824447;11
2017;1;"only.niche";"SCLA";0,00328788696786344;12
2017;2;"only.niche";"PUPA";0,26769268609889;1
2017;2;"only.niche";"CHMI";0,178471022306013;2
2017;2;"only.niche";"CHFU";0,154994168494223;3
2017;2;"only.niche";"CETE";0,149233665996694;4
2017;2;"only.niche";"BEMA";0,0509872016161433;5
2017;2;"only.niche";"LEMA";0,0383200602266832;6
2017;2;"only.niche";"SASO";0,0318608156284973;7
2017;2;"only.niche";"HOMA";0,0275340502365239;8
2017;2;"only.niche";"POMA";0,0267337073442303;9
2017;2;"only.niche";"MEEL";0,0227263316894962;10
2017;2;"only.niche";"MESU";0,0179801072704726;11
2017;2;"only.niche";"POMO";0,015392556081928;12
2017;2;"only.niche";"PAIN";0,0108543060768838;13
2017;2;"only.niche";"SCLA";0,00721932093332115;14
2017;3;"only.niche";"CHMI";0,253110470073707;1
2017;3;"only.niche";"CHFU";0,196474076557342;2
2017;3;"only.niche";"PUPA";0,18002890937905;3
2017;3;"only.niche";"CETE";0,109955221641362;4
2017;3;"only.niche";"LEMA";0,0570445615923407;5
2017;3;"only.niche";"HOMA";0,0424906886024905;6
2017;3;"only.niche";"POMA";0,0399809374839191;7
2017;3;"only.niche";"BEMA";0,0364276440099336;8
2017;3;"only.niche";"SASO";0,0361320104339237;9
2017;3;"only.niche";"POMO";0,0167366787145427;10
2017;3;"only.niche";"PAIN";0,0124200942833927;11
2017;3;"only.niche";"PLCO";0,00893073465439595;12
2017;3;"only.niche";"MESU";0,00605154554170634;13
2017;3;"only.niche";"SCLA";0,00421642703189382;14
2017;4;"only.niche";"PUPA";0,30526888337528;1
2017;4;"only.niche";"SPRU";0,251521335868501;2
2017;4;"only.niche";"CHFU";0,169337559428494;3
2017;4;"only.niche";"SASO";0,108100138780503;4
2017;4;"only.niche";"POMA";0,0567402862238193;5
2017;4;"only.niche";"LEMA";0,0462047883936882;6
2017;4;"only.niche";"HOMA";0,0309435381263605;7
2017;4;"only.niche";"PLCO";0,0126377323047995;8
2017;4;"only.niche";"POMO";0,0119731737357942;9
2017;4;"only.niche";"LYTR";0,00436385370725933;10
2017;4;"only.niche";"PAIN";0,0029087100555005;11
2017;5;"only.niche";"PUPA";0,266729119616436;1
2017;5;"only.niche";"SPRU";0,231275720143535;2
2017;5;"only.niche";"CETE";0,160587020685072;3
2017;5;"only.niche";"CHFU";0,109845685471944;4
2017;5;"only.niche";"BEMA";0,0594039497212292;5
2017;5;"only.niche";"SASO";0,0463531282158179;6
2017;5;"only.niche";"POMA";0,0397066465565258;7
2017;5;"only.niche";"LEMA";0,0376571773883697;8
2017;5;"only.niche";"HOMA";0,027979038028791;9
2017;5;"only.niche";"PLCO";0,00819371695091577;10
2017;5;"only.niche";"LYTR";0,00770413436586192;11
2017;5;"only.niche";"PAIN";0,00456466285550241;12
2017;6;"only.niche";"PUPA";0,523656247238918;1
2017;6;"only.niche";"SASO";0,137332130385867;2
2017;6;"only.niche";"POMA";0,116391478654305;3
2017;6;"only.niche";"LEMA";0,0887969948537046;4
2017;6;"only.niche";"HOMA";0,0784568436115887;5
2017;6;"only.niche";"PLCO";0,0400883283862007;6
2017;6;"only.niche";"LYTR";0,00839509951301629;7
2017;6;"only.niche";"PAIN";0,00688287735639929;8
2017;8;"only.niche";"PUPA";0,571400283684007;1
2017;8;"only.niche";"LYTR";0,229040651902362;2
2017;8;"only.niche";"POMA";0,199559064413631;3
2018;1;"only.niche";"PUPA";0,389056834878037;1
2018;1;"only.niche";"CETE";0,286298371073171;2
2018;1;"only.niche";"BEMA";0,0774748264450628;3
2018;1;"only.niche";"LEMA";0,0758004116524692;4
2018;1;"only.niche";"POMA";0,0687715779984041;5
2018;1;"only.niche";"SASO";0,0670527898544931;6
2018;1;"only.niche";"HOMA";0,0355451880983631;7
2018;2;"only.niche";"PUPA";0,403897143419389;1
2018;2;"only.niche";"CETE";0,282170497910526;2
2018;2;"only.niche";"LEMA";0,0808024174471018;3
2018;2;"only.niche";"POMA";0,0765851037209885;4
2018;2;"only.niche";"BEMA";0,0713626300278728;5
2018;2;"only.niche";"SASO";0,0480758103910933;6
2018;2;"only.niche";"HOMA";0,0356022497304242;7
2018;2;"only.niche";"PAIN";0,00150414735260437;8
2018;3;"only.niche";"PUPA";0,331677662513746;1
2018;3;"only.niche";"CETE";0,241589479018062;2
2018;3;"only.niche";"CHMI";0,202910361218805;3
2018;3;"only.niche";"BEMA";0,0592538105179779;4
2018;3;"only.niche";"LEMA";0,0535191719787064;5
2018;3;"only.niche";"POMA";0,0481904717439861;6
2018;3;"only.niche";"SASO";0,0328560990872657;7
2018;3;"only.niche";"HOMA";0,0286057121827319;8
2018;3;"only.niche";"PAIN";0,00139723173871895;9
2018;4;"only.niche";"PUPA";0,527466066707123;1
2018;4;"only.niche";"LYTR";0,139536026898248;2
2018;4;"only.niche";"SASO";0,129699108200904;3
2018;4;"only.niche";"POMA";0,108170970958975;4
2018;4;"only.niche";"HOMA";0,0927792349358026;5
2018;4;"only.niche";"PAIN";0,00234859229894727;6
2018;5;"only.niche";"PUPA";0,565365835387456;1
2018;5;"only.niche";"POMA";0,155490190533808;2
2018;5;"only.niche";"BEMA";0,103206984655046;3
2018;5;"only.niche";"SASO";0,0893182258202333;4
2018;5;"only.niche";"HOMA";0,0866187636034572;5
2018;6;"only.niche";"PUPA";0,782512160487481;1
2018;6;"only.niche";"SASO";0,147828542027715;2
2018;6;"only.niche";"HOMA";0,06701415943385;3
2018;6;"only.niche";"PAIN";0,00264513805095405;4
2019;1;"only.niche";"SASO";0,359908941163162;1
2019;1;"only.niche";"LEMA";0,14683927134334;2
2019;1;"only.niche";"POMA";0,119621371882278;3
2019;1;"only.niche";"MEEL";0,113478165975571;4
2019;1;"only.niche";"HOMA";0,107398234898025;5
2019;1;"only.niche";"PAIN";0,0997825177363672;6
2019;1;"only.niche";"MESU";0,0529714970012563;7
2019;2;"only.niche";"PUPA";0,356921361940806;1
2019;2;"only.niche";"CHMI";0,149749766260536;2
2019;2;"only.niche";"CETE";0,110518784723676;3
2019;2;"only.niche";"SASO";0,0812411110086164;4
2019;2;"only.niche";"LEMA";0,0546766763973781;5
2019;2;"only.niche";"BEMA";0,0450206567925464;6
2019;2;"only.niche";"POMA";0,0443548183996169;7
2019;2;"only.niche";"MEEL";0,0442331463079367;8
2019;2;"only.niche";"MESU";0,0406091416935832;9
2019;2;"only.niche";"HOMA";0,03764952606566;10
2019;2;"only.niche";"PAIN";0,0335568804581478;11
2019;2;"only.niche";"SCLA";0,00146812995149693;12
2019;3;"only.niche";"SASO";0,296608662495237;1
2019;3;"only.niche";"LEMA";0,172939919962456;2
2019;3;"only.niche";"POMA";0,146707123681169;3
2019;3;"only.niche";"PAIN";0,138635175153449;4
2019;3;"only.niche";"MESU";0,130830074560978;5
2019;3;"only.niche";"HOMA";0,114279044146711;6
2019;4;"only.niche";"SPRU";0,285434545775538;1
2019;4;"only.niche";"CHFU";0,169169803556939;2
2019;4;"only.niche";"SASO";0,152565365743159;3
2019;4;"only.niche";"CETE";0,114760366377218;4
2019;4;"only.niche";"POMA";0,0675377161402841;5
2019;4;"only.niche";"LEMA";0,0610409633686862;6
2019;4;"only.niche";"BEMA";0,0428540047433452;7
2019;4;"only.niche";"HOMA";0,0415759873043349;8
2019;4;"only.niche";"PLCO";0,027166159807549;9
2019;4;"only.niche";"MESU";0,0224392837137781;10
2019;4;"only.niche";"PAIN";0,0154558034691676;11
2019;5;"only.niche";"SASO";0,266448980225204;1
2019;5;"only.niche";"CETE";0,172982718225718;2
2019;5;"only.niche";"POMA";0,12972277050745;3
2019;5;"only.niche";"LEMA";0,124185260150469;4
2019;5;"only.niche";"HOMA";0,0865978613049242;5
2019;5;"only.niche";"PAIN";0,0757002307760894;6
2019;5;"only.niche";"MEEL";0,0746726805208426;7
2019;5;"only.niche";"SOAS";0,0696894982893028;8
2019;6;"only.niche";"SPRU";0,486542162626867;1
2019;6;"only.niche";"POMA";0,137209342257212;2
2019;6;"only.niche";"LEMA";0,119871379468804;3
2019;6;"only.niche";"CETE";0,0945453996785081;4
2019;6;"only.niche";"HOMA";0,0736599790682984;5
2019;6;"only.niche";"PAIN";0,044316677506039;6
2019;6;"only.niche";"PLCO";0,0438550593942711;7
2019;7;"only.niche";"PUPA";0,212798022102198;1
2019;7;"only.niche";"CHFU";0,203259884838586;2
2019;7;"only.niche";"SPRU";0,139124424338761;3
2019;7;"only.niche";"LEMA";0,106574458791197;4
2019;7;"only.niche";"SOAS";0,0924209808486753;5
2019;7;"only.niche";"BEMA";0,07757543207237;6
2019;7;"only.niche";"CETE";0,0664816375111449;7
2019;7;"only.niche";"PLCO";0,0204173877727547;8
2019;7;"only.niche";"MESU";0,0203100710898042;9
2019;7;"only.niche";"POMA";0,0198392889092948;10
2019;7;"only.niche";"SASO";0,0168833679609804;11
2019;7;"only.niche";"HOMA";0,0121860212233815;12
2019;7;"only.niche";"PAIN";0,00564295081742267;13
2019;7;"only.niche";"POMO";0,00475939341445361;14
2019;7;"only.niche";"SCLA";0,00172667830897603;15
2019;8;"only.niche";"CHFU";0,230618266285871;1
2019;8;"only.niche";"SPRU";0,164700617915224;2
2019;8;"only.niche";"LEMA";0,130731885824414;3
2019;8;"only.niche";"PUPA";0,106473132892564;4
2019;8;"only.niche";"SOAS";0,101531846285371;5
2019;8;"only.niche";"HOMA";0,0594232263300547;6
2019;8;"only.niche";"POMA";0,0508837978933112;7
2019;8;"only.niche";"BEMA";0,0500685157607373;8
2019;8;"only.niche";"SCLA";0,0248424067776904;9
2019;8;"only.niche";"CETE";0,023862772401082;10
2019;8;"only.niche";"POMO";0,017841603056894;11
2019;8;"only.niche";"SASO";0,0135174924635922;12
2019;8;"only.niche";"PLCO";0,012251801425824;13
2019;8;"only.niche";"MESU";0,0100870388923827;14
2019;8;"only.niche";"PAIN";0,00316559579498779;15
2019;9;"only.niche";"CHFU";0,227798240091633;1
2019;9;"only.niche";"SOAS";0,163262008777757;2
2019;9;"only.niche";"LEMA";0,121927839728266;3
2019;9;"only.niche";"POMO";0,118356585547173;4
2019;9;"only.niche";"SASO";0,114181037258367;5
2019;9;"only.niche";"HOMA";0,0750160925606595;6
2019;9;"only.niche";"POMA";0,0712148121026523;7
2019;9;"only.niche";"PLCO";0,0701379040121012;8
2019;9;"only.niche";"BEMA";0,0234375864795809;9
2019;9;"only.niche";"PAIN";0,0090402287385892;10
2019;9;"only.niche";"MESU";0,00562766470322003;11
