"species";"projected.abundance";"observed.abundance";"year.predicted";"plot";"subplot"
"CETE";67,4396770672038;0;2016;2;"F5"
"HOMA";4,175554667723;35;2016;2;"F5"
"LEMA";20,405104349642;60;2016;2;"F5"
"MESU";0,998810321378715;0;2016;2;"F5"
"PAIN";1,22430404153033;0;2016;2;"F5"
"PLCO";10,6413244079589;0;2016;2;"F5"
"POMA";9,0860064244359;0;2016;2;"F5"
"POMO";10,8021979527118;0;2016;2;"F5"
"SCLA";0,978874808697365;4;2016;2;"F5"
"SOAS";28,2014515981039;0;2016;2;"F5"
"CHFU";216,65102580873;83;2016;3;"A1"
"LEMA";100,030684525685;3;2016;3;"A1"
"MEEL";6,5837858021118;0;2016;3;"A1"
"MESU";9,03657441865833;0;2016;3;"A1"
"POMA";64,1901327991867;0;2016;3;"A1"
"SASO";24,715701416747;0;2016;3;"A1"
"CHFU";216,80302580873;130;2016;3;"C3"
"LEMA";113,643841732161;40;2016;3;"C3"
"MESU";12,7427786772129;0;2016;3;"C3"
"CETE";474,855670771246;0;2016;3;"D5"
"LEMA";78,6355701289871;56;2016;3;"D5"
"PAIN";3,90998969240608;6;2016;3;"D5"
"POMA";73,5771229750989;0;2016;3;"D5"
"POMO";36,4075109211468;0;2016;3;"D5"
"PUPA";441,563791130264;0;2016;3;"D5"
"SASO";3,4933890960452;0;2016;3;"D5"
"LEMA";70,0476337713336;56;2016;3;"E5"
"PAIN";3,05342443759702;1;2016;3;"E5"
"POMA";67,968947613846;0;2016;3;"E5"
"POMO";27,8932116665169;0;2016;3;"E5"
"PUPA";441,739791130264;0;2016;3;"E5"
"SASO";28,7441256206035;0;2016;3;"E5"
"BEMA";5,85826308211867;0;2016;5;"D4"
"CHFU";156,083271765626;16;2016;5;"D4"
"HOMA";5,67078459168385;43;2016;5;"D4"
"LEMA";40,4435867941664;0;2016;5;"D4"
"MEEL";3,08062294900632;0;2016;5;"D4"
"PLCO";5,59220843847014;0;2016;5;"D4"
"SASO";22,7653062694285;0;2016;5;"D4"
"SPRU";239,620779691763;0;2016;5;"D4"
"CHFU";155,662486930166;18;2016;5;"F6"
"HOMA";7,37933739668607;2;2016;5;"F6"
"LEMA";47,2141515921107;0;2016;5;"F6"
"MEEL";2,07388916952445;0;2016;5;"F6"
"MESU";1,17046553295908;0;2016;5;"F6"
"SASO";10,9545904828717;0;2016;5;"F6"
"SCLA";4,47969466354237;0;2016;5;"F6"
"LYTR";309,800889358572;24;2016;7;"A1"
"POMA";70,0341033553413;1;2016;7;"A1"
"SASO";13,59902530601;0;2016;7;"A1"
"POMA";NA;7;2016;7;"A3"
"SASO";NA;23;2016;7;"A3"
"HOMA";48,5245088247087;0;2016;7;"A4"
"POMA";139,471490937363;5;2016;7;"A4"
"SASO";16,7914825875341;18;2016;7;"A4"
"POMA";NA;0;2016;7;"A5"
"SASO";NA;0;2016;7;"A5"
"POMA";NA;9;2016;7;"A6"
"SASO";NA;4;2016;7;"A6"
"POMA";NA;6;2016;7;"B1"
"SASO";NA;12;2016;7;"B1"
"POMA";NA;0;2016;7;"B5"
"SASO";NA;3;2016;7;"B5"
"LYTR";304,568289358572;30;2016;7;"C1"
"POMA";78,9587128123953;2;2016;7;"C1"
"SASO";12,0524445412605;4;2016;7;"C1"
"POMA";NA;0;2016;7;"C3"
"SASO";NA;12;2016;7;"C3"
"LYTR";244,523630154163;0;2016;7;"C4"
"POMA";141,020462681819;9;2016;7;"C4"
"SASO";12,0524445412605;19;2016;7;"C4"
"POMA";NA;0;2016;7;"C5"
"SASO";NA;11;2016;7;"C5"
"POMA";NA;1;2016;7;"C6"
"SASO";NA;17;2016;7;"C6"
"LYTR";190,549312210679;15;2016;7;"D1"
"POMA";109,70992479545;9;2016;7;"D1"
"SASO";11,4421212994481;0;2016;7;"D1"
"HOMA";40,2828586730342;2;2016;7;"D2"
"LYTR";124,026943352842;0;2016;7;"D2"
"POMA";107,199821224132;5;2016;7;"D2"
"SASO";14,3520932318228;0;2016;7;"D2"
"LYTR";246,074030154163;0;2016;7;"D4"
"POMA";103,365063554666;7;2016;7;"D4"
"SASO";16,3460984445312;4;2016;7;"D4"
"LYTR";245,880230154163;0;2016;7;"D5"
"POMA";105,656856831723;4;2016;7;"D5"
"SASO";20,9019752459355;0;2016;7;"D5"
"POMA";NA;12;2016;7;"D6"
"SASO";NA;6;2016;7;"D6"
"LYTR";184,092284514385;31;2016;7;"E1"
"POMA";53,8477585221439;5;2016;7;"E1"
"SASO";17,3262054528198;6;2016;7;"E1"
"HOMA";27,5826598357691;6;2016;7;"E2"
"LYTR";123,669579112486;10;2016;7;"E2"
"POMA";51,6142114271985;0;2016;7;"E2"
"SASO";18,2893479275733;0;2016;7;"E2"
"HOMA";29,568061718664;11;2016;7;"E3"
"LYTR";209,89813651823;3;2016;7;"E3"
"SASO";19,7902282850221;0;2016;7;"E3"
"HOMA";23,9033026039655;2;2016;7;"E4"
"LYTR";79,684622413401;1;2016;7;"E4"
"POMA";55,1742392580754;7;2016;7;"E4"
"SASO";10,891811061135;4;2016;7;"E4"
"LYTR";184,346235663446;15;2016;7;"E5"
"POMA";68,7750535231494;19;2016;7;"E5"
"SASO";11,728847750172;16;2016;7;"E5"
"LYTR";141,268374155251;14;2016;7;"E6"
"POMA";115,557373161748;26;2016;7;"E6"
"SASO";12,0524445412605;0;2016;7;"E6"
"HOMA";18,3156328226856;30;2016;7;"F1"
"LYTR";45,5653010235392;0;2016;7;"F1"
"POMA";77,9924051624511;0;2016;7;"F1"
"SASO";11,506297719669;0;2016;7;"F1"
"LYTR";150,758684514385;2;2016;7;"F2"
"POMA";102,916893393677;0;2016;7;"F2"
"SASO";14,029969933487;8;2016;7;"F2"
"LYTR";171,874011532665;32;2016;7;"F3"
"POMA";52,4061168826556;1;2016;7;"F3"
"SASO";12,7841412545347;9;2016;7;"F3"
"HOMA";15,2501511977999;7;2016;7;"F4"
"LYTR";44,8192673971892;42;2016;7;"F4"
"POMA";48,7934287474389;2;2016;7;"F4"
"SASO";15,7323846881548;10;2016;7;"F4"
"LYTR";138,390379155023;32;2016;7;"F5"
"POMA";67,8582164060806;7;2016;7;"F5"
"SASO";14,029969933487;4;2016;7;"F5"
"POMA";NA;3;2016;8;"A1"
"SASO";NA;17;2016;8;"A1"
"HOMA";NA;0;2016;8;"A2"
"SASO";NA;2;2016;8;"A2"
"POMA";NA;14;2016;8;"A3"
"SASO";NA;0;2016;8;"A3"
"HOMA";NA;0;2016;8;"A4"
"SASO";NA;0;2016;8;"A4"
"POMA";NA;5;2016;8;"A5"
"SASO";NA;12;2016;8;"A5"
"HOMA";39,0386137773971;0;2016;8;"A6"
"POMA";127,662722244578;11;2016;8;"A6"
"SASO";11,3991176404756;3;2016;8;"A6"
"POMA";NA;11;2016;8;"B2"
"SASO";NA;3;2016;8;"B2"
"HOMA";22,4871138790123;0;2016;8;"B3"
"LYTR";126,084210339582;3;2016;8;"B3"
"POMA";67,3808221748007;22;2016;8;"B3"
"SASO";15,5012194310566;0;2016;8;"B3"
"HOMA";18,9523331824174;0;2016;8;"B4"
"LYTR";121,759084279995;2;2016;8;"B4"
"POMA";53,360287447669;17;2016;8;"B4"
"SASO";13,4502893311214;2;2016;8;"B4"
"POMA";NA;18;2016;8;"B5"
"SASO";NA;0;2016;8;"B5"
"LYTR";196,363312210679;3;2016;8;"B6"
"POMA";77,0495570150923;1;2016;8;"B6"
"SASO";12,7144206400837;0;2016;8;"B6"
"LYTR";217,444448970051;3;2016;8;"C2"
"POMA";81,113035641976;11;2016;8;"C2"
"SASO";10,9167708713517;0;2016;8;"C2"
"HOMA";25,9266284970382;30;2016;8;"C3"
"LYTR";215,32453651823;0;2016;8;"C3"
"SASO";13,2808834363148;0;2016;8;"C3"
"CHFU";216,27102580873;2;2016;8;"C4"
"POMA";158,740090915858;12;2016;8;"C4"
"SASO";16,9558955642343;0;2016;8;"C4"
"CHFU";216,34702580873;1;2016;8;"C6"
"POMA";156,937624407527;13;2016;8;"C6"
"SASO";11,0682708419977;1;2016;8;"C6"
"LYTR";NA;0;2016;8;"D1"
"SASO";NA;2;2016;8;"D1"
"CHFU";216,19502580873;1;2016;8;"D2"
"POMA";135,942235151999;0;2016;8;"D2"
"SASO";11,201629800841;0;2016;8;"D2"
"SPRU";327,368320286067;0;2016;8;"D2"
"HOMA";NA;5;2016;8;"D3"
"SASO";NA;0;2016;8;"D3"
"POMA";NA;9;2016;8;"D4"
"SASO";NA;6;2016;8;"D4"
"POMA";125,458275453198;5;2016;8;"D5"
"SASO";13,4776734312128;0;2016;8;"D5"
"SPRU";327,597920286067;0;2016;8;"D5"
"POMA";NA;11;2016;8;"D6"
"SASO";NA;0;2016;8;"D6"
"HOMA";36,2298111793234;8;2016;8;"E2"
"POMA";123,900936104216;7;2016;8;"E2"
"SASO";11,7833124680035;3;2016;8;"E2"
"LYTR";192,874912210679;0;2016;8;"E3"
"POMA";88,9833110024175;11;2016;8;"E3"
"SASO";12,3150914920802;2;2016;8;"E3"
"POMA";NA;0;2016;8;"E4"
"SASO";NA;0;2016;8;"E4"
"CHFU";NA;1;2016;8;"E5"
"SASO";NA;4;2016;8;"E5"
"POMA";NA;0;2016;8;"E6"
"SASO";NA;0;2016;8;"E6"
"POMA";131,935722232103;17;2016;8;"F1"
"SASO";16,8331704060014;2;2016;8;"F1"
"SPRU";327,368320286067;0;2016;8;"F1"
"CHFU";216,27102580873;4;2016;8;"F2"
"POMA";153,906319044142;7;2016;8;"F2"
"SASO";10,9167708713517;0;2016;8;"F2"
"HOMA";NA;3;2016;8;"F3"
"SASO";NA;0;2016;8;"F3"
"POMA";NA;0;2016;8;"F4"
"SASO";NA;0;2016;8;"F4"
"CHFU";206,338193051584;2;2016;8;"F5"
"HOMA";50,6728374684024;12;2016;8;"F5"
"SASO";11,3053965061329;0;2016;8;"F5"
"POMA";NA;0;2016;8;"F6"
"SASO";NA;0;2016;8;"F6"
"POMA";NA;4;2016;9;"A2"
"SASO";NA;0;2016;9;"A2"
"SASO";NA;0;2016;9;"A3"
"SPRU";NA;0;2016;9;"A3"
"LYTR";298,172889358572;0;2016;9;"A4"
"POMA";125,740665103663;0;2016;9;"A4"
"SASO";11,8865178869431;0;2016;9;"A4"
"LYTR";NA;0;2016;9;"A6"
"SASO";NA;0;2016;9;"A6"
"LYTR";NA;0;2016;9;"B3"
"SASO";NA;0;2016;9;"B3"
"HOMA";35,7305195630209;0;2016;9;"B4"
"POMA";123,278050507406;7;2016;9;"B4"
"SASO";14,5093304433015;0;2016;9;"B4"
"POMA";NA;0;2016;9;"B6"
"SASO";NA;0;2016;9;"B6"
"LYTR";245,298830154163;0;2016;9;"C1"
"POMA";114,789021142894;3;2016;9;"C1"
"SASO";12,3150914920802;0;2016;9;"C1"
"POMA";NA;11;2016;9;"C2"
"SASO";NA;0;2016;9;"C2"
"LYTR";161,071218692423;1;2016;9;"C3"
"POMA";105,805759521148;28;2016;9;"C3"
"SASO";10,9061670951756;0;2016;9;"C3"
"SASO";NA;0;2016;9;"C4"
"SPRU";NA;1;2016;9;"C4"
"POMA";NA;21;2016;9;"C5"
"SASO";NA;0;2016;9;"C5"
"POMA";NA;0;2016;9;"C6"
"SASO";NA;0;2016;9;"C6"
"HOMA";NA;0;2016;9;"D1"
"SASO";NA;0;2016;9;"D1"
"LYTR";213,374648970051;0;2016;9;"D2"
"POMA";104,823403462043;1;2016;9;"D2"
"SASO";12,7841412545347;0;2016;9;"D2"
"POMA";126,885023285577;14;2016;9;"D3"
"SASO";15,0436520772275;0;2016;9;"D3"
"SPRU";327,597920286067;0;2016;9;"D3"
"HOMA";46,0777455933485;0;2016;9;"D4"
"LYTR";212,889019818212;1;2016;9;"D4"
"POMA";125,320360144794;9;2016;9;"D4"
"SASO";19,1818459896114;0;2016;9;"D4"
"POMA";NA;17;2016;9;"D5"
"SASO";NA;2;2016;9;"D5"
"POMA";137,899447097427;0;2016;9;"D6"
"SASO";11,8865178869431;0;2016;9;"D6"
"SPRU";327,368320286067;0;2016;9;"D6"
"LYTR";NA;1;2016;9;"E1"
"SASO";NA;0;2016;9;"E1"
"HOMA";NA;3;2016;9;"E2"
"SASO";NA;0;2016;9;"E2"
"POMA";NA;19;2016;9;"E3"
"SASO";NA;0;2016;9;"E3"
"POMA";NA;5;2016;9;"E5"
"SASO";NA;1;2016;9;"E5"
"BEMA";11,2959054483401;1;2017;1;"A1"
"CHFU";168,895357031552;7;2017;1;"A1"
"HOMA";10,5235294684591;320;2017;1;"A1"
"LEMA";59,0251147865962;75;2017;1;"A1"
"BEMA";14,1299161332644;0;2017;1;"A2"
"CHFU";168,851677171899;0;2017;1;"A2"
"HOMA";7,84700035908742;340;2017;1;"A2"
"LEMA";40,9875028453466;90;2017;1;"A2"
"BEMA";9,47130907189405;0;2017;1;"A3"
"CHFU";167,245137334878;28;2017;1;"A3"
"HOMA";6,51858089367906;340;2017;1;"A3"
"LEMA";44,4675400458412;110;2017;1;"A3"
"BEMA";12,3626082187812;0;2017;1;"A4"
"CHFU";166,485137334878;5;2017;1;"A4"
"HOMA";8,30051844431959;360;2017;1;"A4"
"LEMA";40,692751155969;105;2017;1;"A4"
"SCLA";4,34330831549075;0;2017;1;"A4"
"BEMA";9,00782741387567;0;2017;1;"A5"
"CHFU";168,627327936109;9;2017;1;"A5"
"HOMA";8,61134547257955;350;2017;1;"A5"
"LEMA";66,0372810466528;63;2017;1;"A5"
"BEMA";14,7300730882209;0;2017;1;"A6"
"CHFU";157,652239616017;0;2017;1;"A6"
"HOMA";7,73435153020885;340;2017;1;"A6"
"LEMA";56,9932545429104;36;2017;1;"A6"
"MESU";39,6013238394794;0;2017;1;"A6"
"BEMA";20,5042793734949;3;2017;1;"B1"
"HOMA";7,84700035908742;290;2017;1;"B1"
"LEMA";37,8197337713744;190;2017;1;"B1"
"BEMA";8,96284860964027;0;2017;1;"B2"
"CETE";34,7677039454023;1;2017;1;"B2"
"CHFU";170,772262074553;5;2017;1;"B2"
"HOMA";10,9080500004492;310;2017;1;"B2"
"LEMA";53,5705289356861;160;2017;1;"B2"
"BEMA";12,8520970512442;0;2017;1;"B3"
"CHFU";165,692463701029;8;2017;1;"B3"
"HOMA";8,09938271789541;340;2017;1;"B3"
"LEMA";58,6687746703178;39;2017;1;"B3"
"BEMA";11,6362627243739;0;2017;1;"B4"
"CHFU";165,029251691262;3;2017;1;"B4"
"HOMA";9,33372334895657;380;2017;1;"B4"
"LEMA";45,469934174076;36;2017;1;"B4"
"SCLA";6,44131768565106;0;2017;1;"B4"
"BEMA";16,1098035197154;0;2017;1;"B5"
"CHFU";162,571047960845;9;2017;1;"B5"
"HOMA";7,45226103869932;360;2017;1;"B5"
"LEMA";59,9507490022104;120;2017;1;"B5"
"BEMA";10,0938161375819;0;2017;1;"B6"
"CHFU";160,907141676353;5;2017;1;"B6"
"HOMA";7,06829027128644;340;2017;1;"B6"
"LEMA";42,6333517692253;145;2017;1;"B6"
"MESU";6,77487994613319;0;2017;1;"B6"
"BEMA";11,4353222588036;0;2017;1;"C1"
"CHFU";169,936262074553;6;2017;1;"C1"
"HOMA";10,9080500004492;320;2017;1;"C1"
"LEMA";41,8859381173281;210;2017;1;"C1"
"BEMA";7,82005359459678;0;2017;1;"C2"
"CHFU";168,385137334878;0;2017;1;"C2"
"HOMA";6,51858089367906;340;2017;1;"C2"
"LEMA";37,8116584700985;140;2017;1;"C2"
"BEMA";8,30314629706273;0;2017;1;"C3"
"CHFU";173,50076465287;17;2017;1;"C3"
"HOMA";11,8799805277928;290;2017;1;"C3"
"LEMA";52,197457430125;130;2017;1;"C3"
"SCLA";7,10409024272532;0;2017;1;"C3"
"BEMA";14,7302436435521;1;2017;1;"C4"
"CHFU";165,540463701029;19;2017;1;"C4"
"HOMA";5,36890981431432;210;2017;1;"C4"
"LEMA";35,2801966999279;140;2017;1;"C4"
"BEMA";16,8923715264979;0;2017;1;"C5"
"CHFU";168,036879750724;16;2017;1;"C5"
"HOMA";6,87240163973756;280;2017;1;"C5"
"LEMA";35,458831455753;190;2017;1;"C5"
"CHFU";158,003822492378;5;2017;1;"C6"
"HOMA";9,47196706396942;360;2017;1;"C6"
"LEMA";32,1328525193445;120;2017;1;"C6"
"PLCO";10,6151364061846;0;2017;1;"C6"
"SASO";31,97359736904;0;2017;1;"C6"
"SCLA";3,68228860683564;0;2017;1;"C6"
"BEMA";15,876540647341;0;2017;1;"D2"
"CHFU";171,90476465287;12;2017;1;"D2"
"HOMA";8,70739354721232;270;2017;1;"D2"
"LEMA";37,1842362980184;190;2017;1;"D2"
"BEMA";13,4827254501176;0;2017;1;"D3"
"CHFU";168,591357031552;11;2017;1;"D3"
"HOMA";10,5235294684591;340;2017;1;"D3"
"LEMA";39,5976214318087;170;2017;1;"D3"
"BEMA";8,97956233122047;0;2017;1;"D4"
"CHFU";168,703327936109;46;2017;1;"D4"
"HOMA";6,74326112348653;360;2017;1;"D4"
"LEMA";42,3340994929532;140;2017;1;"D4"
"BEMA";7,78555716555786;0;2017;1;"D5"
"CHFU";169,463327936109;49;2017;1;"D5"
"HOMA";6,13658675263;350;2017;1;"D5"
"LEMA";37,572823083424;165;2017;1;"D5"
"SCLA";2,597494172661;0;2017;1;"D5"
"BEMA";9,20163215865443;0;2017;1;"D6"
"CHFU";168,551327936109;31;2017;1;"D6"
"HOMA";10,1889939647109;380;2017;1;"D6"
"LEMA";38,3187629695144;130;2017;1;"D6"
"CETE";193,285732794696;5;2017;1;"E1"
"CHFU";167,487327936109;11;2017;1;"E1"
"HOMA";12,7641906689148;290;2017;1;"E1"
"LEMA";38,2641309883961;280;2017;1;"E1"
"PLCO";16,0191262746399;0;2017;1;"E1"
"SCLA";4,76804389982947;0;2017;1;"E1"
"BEMA";11,023011976991;0;2017;1;"E2"
"CETE";55,6742893156778;14;2017;1;"E2"
"CHFU";174,550120266823;5;2017;1;"E2"
"HOMA";12,7453044971901;300;2017;1;"E2"
"LEMA";41,5814520469826;320;2017;1;"E2"
"BEMA";7,69293577582795;0;2017;1;"E3"
"CHFU";183,641555635179;33;2017;1;"E3"
"HOMA";17,1576216729897;260;2017;1;"E3"
"LEMA";47,7345883690518;350;2017;1;"E3"
"MESU";0,996122291656778;0;2017;1;"E3"
"PLCO";12,828943951631;0;2017;1;"E3"
"SASO";9,97065039389486;0;2017;1;"E3"
"BEMA";12,400603096638;0;2017;1;"E6"
"CHFU";158,103458064804;14;2017;1;"E6"
"HOMA";7,79377151811215;300;2017;1;"E6"
"LEMA";30,5585855898363;210;2017;1;"E6"
"PLCO";9,30896791205446;0;2017;1;"E6"
"BEMA";11,4784803475655;0;2017;1;"F1"
"CHFU";179,06882591234;0;2017;1;"F1"
"HOMA";12,591039776085;310;2017;1;"F1"
"LEMA";44,572634003776;270;2017;1;"F1"
"BEMA";13,2877778861831;0;2017;1;"F2"
"CETE";193,191732794696;10;2017;1;"F2"
"CHFU";163,670733222838;6;2017;1;"F2"
"HOMA";9,01326477066872;340;2017;1;"F2"
"LEMA";37,0366097712186;260;2017;1;"F2"
"PLCO";9,83346461973013;0;2017;1;"F2"
"SASO";11,3122500595747;0;2017;1;"F2"
"BEMA";8,27472096569079;0;2017;1;"F3"
"CHFU";179,826262671783;51;2017;1;"F3"
"HOMA";12,2496079725312;330;2017;1;"F3"
"LEMA";45,4381286621132;310;2017;1;"F3"
"MESU";1,26671098193158;0;2017;1;"F3"
"SASO";21,3962366657899;0;2017;1;"F3"
"BEMA";11,2952614328025;0;2017;1;"F4"
"CHFU";165,768463701029;6;2017;1;"F4"
"HOMA";6,37462493895522;300;2017;1;"F4"
"LEMA";35,1585597177427;270;2017;1;"F4"
"MESU";4,16744371946142;1;2017;1;"F4"
"SCLA";2,34333851761809;0;2017;1;"F4"
"BEMA";8,11300253109169;0;2017;2;"A1"
"CETE";48,2711191150047;1;2017;2;"A1"
"CHFU";157,18541422703;0;2017;2;"A1"
"HOMA";6,55666544607559;360;2017;2;"A1"
"LEMA";39,1050480892815;130;2017;2;"A1"
"SCLA";4,79262438039519;0;2017;2;"A1"
"BEMA";7,24518329423729;0;2017;2;"A2"
"CHFU";165,24955890213;2;2017;2;"A2"
"HOMA";6,20934569765747;320;2017;2;"A2"
"LEMA";39,9943058999665;160;2017;2;"A2"
"MESU";2,31807102191426;0;2017;2;"A2"
"PLCO";5,82793507734687;0;2017;2;"A2"
"SCLA";2,33056469068431;0;2017;2;"A2"
"BEMA";8,50187233574038;0;2017;2;"A3"
"CHFU";153,979531439753;0;2017;2;"A3"
"HOMA";5,40126031953119;340;2017;2;"A3"
"LEMA";33,9823664088405;56;2017;2;"A3"
"BEMA";7,10685992558534;0;2017;2;"A4"
"CETE";42,7243534771465;6;2017;2;"A4"
"CHFU";161,515141676353;0;2017;2;"A4"
"HOMA";8,24903130574146;310;2017;2;"A4"
"LEMA";37,2653203231354;170;2017;2;"A4"
"PLCO";9,79993844854517;0;2017;2;"A4"
"BEMA";7,89528754746977;0;2017;2;"A5"
"CETE";50,0991568974104;7;2017;2;"A5"
"CHFU";157,815369268824;2;2017;2;"A5"
"HOMA";6,62583938529598;340;2017;2;"A5"
"LEMA";31,736874892257;120;2017;2;"A5"
"MESU";2,14453727324867;0;2017;2;"A5"
"PLCO";6,91104207917068;0;2017;2;"A5"
"BEMA";9,83866613891033;7;2017;2;"A6"
"CHFU";154,178497971132;0;2017;2;"A6"
"HOMA";6,42780573835616;360;2017;2;"A6"
"LEMA";37,1144545779273;62;2017;2;"A6"
"MESU";6,94519613935837;0;2017;2;"A6"
"BEMA";8,6825508941641;0;2017;2;"B1"
"CHFU";153,824551581214;0;2017;2;"B1"
"HOMA";5,40444771717659;320;2017;2;"B1"
"LEMA";33,9250972400013;70;2017;2;"B1"
"BEMA";7,54357339534534;1;2017;2;"B2"
"CHFU";155,705827905589;0;2017;2;"B2"
"HOMA";5,36968094184624;350;2017;2;"B2"
"LEMA";32,9841743882931;100;2017;2;"B2"
"MESU";2,19088893925439;0;2017;2;"B2"
"PLCO";5,27160956617675;0;2017;2;"B2"
"SCLA";2,390443511152;0;2017;2;"B2"
"BEMA";8,81220711419846;0;2017;2;"B3"
"CETE";65,8450552410884;6;2017;2;"B3"
"CHFU";156,668419520509;7;2017;2;"B3"
"HOMA";7,51714986420142;360;2017;2;"B3"
"LEMA";35,4792099471135;120;2017;2;"B3"
"PLCO";8,91950121113659;0;2017;2;"B3"
"BEMA";12,3621627803939;0;2017;2;"B4"
"CHFU";166,214511926819;5;2017;2;"B4"
"HOMA";9,7189718300867;390;2017;2;"B4"
"LEMA";50,1071367630556;160;2017;2;"B4"
"MESU";11,3151245194228;0;2017;2;"B4"
"BEMA";8,44379061182805;0;2017;2;"B5"
"CHFU";154,598486930166;0;2017;2;"B5"
"HOMA";7,33504640793525;350;2017;2;"B5"
"LEMA";33,6467204645176;80;2017;2;"B5"
"MESU";3,73720971428192;0;2017;2;"B5"
"PLCO";6,51890110074042;0;2017;2;"B5"
"BEMA";8,46398456886733;0;2017;2;"B6"
"CHFU";153,845742275757;0;2017;2;"B6"
"HOMA";5,82604643270647;360;2017;2;"B6"
"LEMA";28,0682278110945;76;2017;2;"B6"
"PLCO";5,94108716016954;0;2017;2;"B6"
"SCLA";2,2346331444615;0;2017;2;"B6"
"BEMA";8,29016932937618;0;2017;2;"C1"
"CHFU";158,473376497901;0;2017;2;"C1"
"HOMA";6,66136924082631;320;2017;2;"C1"
"LEMA";40,0433158548555;53;2017;2;"C1"
"BEMA";11,7038241847974;0;2017;2;"C2"
"CHFU";158,179458064804;11;2017;2;"C2"
"HOMA";6,00210685962742;310;2017;2;"C2"
"LEMA";38,1363691504293;84;2017;2;"C2"
"PLCO";7,55553238055026;0;2017;2;"C2"
"BEMA";5,84966824094492;0;2017;2;"C3"
"CHFU";154,199178762961;0;2017;2;"C3"
"HOMA";7,25758848432227;340;2017;2;"C3"
"LEMA";40,8908396782342;72;2017;2;"C3"
"MESU";2,00093763468989;0;2017;2;"C3"
"PLCO";6,09219891958443;0;2017;2;"C3"
"BEMA";11,365341330294;0;2017;2;"C4"
"CHFU";161,004521445052;0;2017;2;"C4"
"HOMA";7,12207297444149;360;2017;2;"C4"
"LEMA";42,9171858322698;130;2017;2;"C4"
"MESU";10,8103731515283;0;2017;2;"C4"
"BEMA";13,2271395908156;0;2017;2;"C5"
"CETE";272,821250123766;8;2017;2;"C5"
"CHFU";155,152845447859;0;2017;2;"C5"
"HOMA";6,48075891743885;340;2017;2;"C5"
"LEMA";27,8401997626006;140;2017;2;"C5"
"PLCO";7,28332163933754;0;2017;2;"C5"
"BEMA";10,920474474603;0;2017;2;"C6"
"CHFU";156,052936019203;0;2017;2;"C6"
"HOMA";5,00576261779374;360;2017;2;"C6"
"LEMA";30,9186453853843;105;2017;2;"C6"
"BEMA";6,91529725909725;0;2017;2;"D3"
"CHFU";162,083016938945;20;2017;2;"D3"
"HOMA";8,35599262137942;280;2017;2;"D3"
"LEMA";38,4998593187306;180;2017;2;"D3"
"MESU";2,44985063820749;0;2017;2;"D3"
"SCLA";2,91661974691206;2;2017;2;"D3"
"BEMA";11,2701314589253;1;2017;2;"D4"
"CHFU";153,455359315954;0;2017;2;"D4"
"HOMA";5,82835897738509;320;2017;2;"D4"
"LEMA";31,2588398213604;120;2017;2;"D4"
"MESU";9,43313422561589;0;2017;2;"D4"
"BEMA";13,9734205928922;0;2017;2;"D5"
"HOMA";5,09869247954393;310;2017;2;"D5"
"LEMA";27,0994231462701;150;2017;2;"D5"
"MESU";9,97536406791714;0;2017;2;"D5"
"SASO";16,6120204224641;1;2017;2;"D5"
"SCLA";1,53801740745517;0;2017;2;"D5"
"BEMA";12,677280495973;0;2017;2;"D6"
"CHFU";152,754628727137;0;2017;2;"D6"
"HOMA";5,09869247954393;360;2017;2;"D6"
"LEMA";25,120149108321;75;2017;2;"D6"
"BEMA";8,14687154412581;0;2017;2;"E1"
"CHFU";169,806430657725;10;2017;2;"E1"
"HOMA";9,08781064552712;280;2017;2;"E1"
"LEMA";37,4236177652928;120;2017;2;"E1"
"MESU";1,28982148790477;1;2017;2;"E1"
"PLCO";9,12641885649247;0;2017;2;"E1"
"SCLA";2,52544321846288;0;2017;2;"E1"
"BEMA";6,9247598097346;0;2017;2;"E2"
"CHFU";168,095327936109;25;2017;2;"E2"
"HOMA";10,1889939647109;230;2017;2;"E2"
"LEMA";32,8539719214577;190;2017;2;"E2"
"MESU";0,783439399231878;6;2017;2;"E2"
"PLCO";9,00006283930451;0;2017;2;"E2"
"SCLA";2,20937006758978;0;2017;2;"E2"
"BEMA";15,9628730451701;0;2017;2;"E3"
"CHFU";161,816808470683;9;2017;2;"E3"
"HOMA";7,30665140374611;310;2017;2;"E3"
"LEMA";33,8072142690797;140;2017;2;"E3"
"BEMA";10,3066592892333;0;2017;2;"E6"
"CHFU";155,553827905589;0;2017;2;"E6"
"HOMA";5,00707926029099;310;2017;2;"E6"
"LEMA";30,5992082385127;120;2017;2;"E6"
"MESU";6,80546728644655;0;2017;2;"E6"
"BEMA";6,45298553676814;0;2017;2;"F2"
"CHFU";154,770760503185;9;2017;2;"F2"
"HOMA";7,30219407586262;250;2017;2;"F2"
"LEMA";28,6986775060607;125;2017;2;"F2"
"PLCO";7,58823134268535;0;2017;2;"F2"
"SCLA";2,75312233125981;0;2017;2;"F2"
"BEMA";9,15309247382399;0;2017;2;"F3"
"CHFU";154,263413756778;0;2017;2;"F3"
"HOMA";5,82305078631663;350;2017;2;"F3"
"LEMA";26,1188886861446;100;2017;2;"F3"
"PLCO";6,22421314442579;0;2017;2;"F3"
"BEMA";9,31378661864684;0;2017;2;"F4"
"CHFU";153,675531439753;5;2017;2;"F4"
"CHMI";111,058400783753;0;2017;2;"F4"
"HOMA";6,41840792928551;360;2017;2;"F4"
"LEMA";29,5237788575765;70;2017;2;"F4"
"BEMA";18,6752110159683;0;2017;2;"F5"
"CHMI";121,523593541187;0;2017;2;"F5"
"HOMA";10,5235294684591;380;2017;2;"F5"
"LEMA";37,2993571972393;80;2017;2;"F5"
"SCLA";2,00806798291459;7;2017;2;"F5"
"BEMA";9,77294076773572;0;2017;2;"F6"
"CHFU";166,971175506369;0;2017;2;"F6"
"CHMI";125,078633435786;0;2017;2;"F6"
"HOMA";9,98918491268241;310;2017;2;"F6"
"LEMA";37,4801196759006;130;2017;2;"F6"
"PLCO";4,73076360316874;0;2017;2;"F6"
"SCLA";3,22875927938722;17;2017;2;"F6"
"BEMA";5,5579251129929;0;2017;3;"A1"
"CHFU";172,218511926819;90;2017;3;"A1"
"CHMI";150,677666610838;4;2017;3;"A1"
"HOMA";9,7189718300867;210;2017;3;"A1"
"LEMA";58,8928091706798;140;2017;3;"A1"
"BEMA";4,88981883922186;0;2017;3;"A2"
"CHFU";163,412972212894;190;2017;3;"A2"
"HOMA";6,90560171633796;180;2017;3;"A2"
"LEMA";34,8727108679128;170;2017;3;"A2"
"MESU";0,586917386158424;0;2017;3;"A2"
"PLCO";7,34332404837493;10;2017;3;"A2"
"BEMA";5,0261570322;0;2017;3;"A3"
"CHFU";180,027327936109;55;2017;3;"A3"
"HOMA";6,74326112348653;150;2017;3;"A3"
"BEMA";7,01021160501235;0;2017;3;"A4"
"CHFU";165,966095661288;36;2017;3;"A4"
"HOMA";7,61964385979274;130;2017;3;"A4"
"LEMA";56,2718694663292;140;2017;3;"A4"
"BEMA";8,33109245216491;0;2017;3;"A5"
"CHFU";154,055531439753;14;2017;3;"A5"
"HOMA";5,40126031953119;240;2017;3;"A5"
"LEMA";45,6902227202245;110;2017;3;"A5"
"BEMA";8,87174807246322;3;2017;3;"A6"
"CHFU";148,953103936215;15;2017;3;"A6"
"HOMA";6,6955259665562;220;2017;3;"A6"
"LEMA";36,4185341555573;90;2017;3;"A6"
"PLCO";5,79615500071599;6;2017;3;"A6"
"BEMA";5,31672713166569;0;2017;3;"B1"
"CHFU";164,951099121776;90;2017;3;"B1"
"HOMA";6,10382610083076;110;2017;3;"B1"
"MESU";1,58087837885285;0;2017;3;"B1"
"BEMA";4,2039808410133;1;2017;3;"B2"
"CHFU";161,288769359462;92;2017;3;"B2"
"HOMA";6,47557067768643;130;2017;3;"B2"
"LEMA";36,217893869006;160;2017;3;"B2"
"MESU";0,512039509238541;0;2017;3;"B2"
"PLCO";6,29804995077626;0;2017;3;"B2"
"BEMA";4,2909591374098;0;2017;3;"B3"
"CHFU";165,716845447859;125;2017;3;"B3"
"HOMA";5,83899962307835;140;2017;3;"B3"
"LEMA";34,1709187214092;140;2017;3;"B3"
"SCLA";3,09809643674594;0;2017;3;"B3"
"BEMA";6,8987652645117;3;2017;3;"B4"
"CHFU";158,55341422703;37;2017;3;"B4"
"HOMA";5,38892118238731;130;2017;3;"B4"
"LEMA";36,3070073308956;120;2017;3;"B4"
"BEMA";5,08890994338391;3;2017;3;"B5"
"CHFU";166,745019922495;96;2017;3;"B5"
"HOMA";6,20293385643524;130;2017;3;"B5"
"LEMA";37,7584402266439;150;2017;3;"B5"
"MESU";0,799772619257944;0;2017;3;"B5"
"BEMA";11,0860366622788;1;2017;3;"B6"
"CHFU";157,400040027611;19;2017;3;"B6"
"CHMI";145,90340150768;5;2017;3;"B6"
"HOMA";5,42291805479644;160;2017;3;"B6"
"LEMA";49,7718334958036;20;2017;3;"B6"
"SCLA";4,07064602153187;5;2017;3;"B6"
"BEMA";4,83666102611285;0;2017;3;"C1"
"CHFU";154,507491496203;85;2017;3;"C1"
"HOMA";6,14914781035488;110;2017;3;"C1"
"LEMA";43,2209774287734;180;2017;3;"C1"
"MESU";1,21366147229252;0;2017;3;"C1"
"BEMA";4,66687989201931;0;2017;3;"C2"
"CHFU";165,475458064804;110;2017;3;"C2"
"HOMA";5,060102634026;120;2017;3;"C2"
"LEMA";32,0249127592294;150;2017;3;"C2"
"PLCO";6,08493703518992;0;2017;3;"C2"
"BEMA";7,56413712692557;0;2017;3;"C3"
"CHFU";210,362715131747;180;2017;3;"C3"
"CHMI";167,41882375277;0;2017;3;"C3"
"HOMA";17,4719975389439;90;2017;3;"C3"
"LEMA";58,1635221895426;220;2017;3;"C3"
"BEMA";15,5834996907822;0;2017;3;"C4"
"HOMA";14,3705959135286;100;2017;3;"C4"
"LEMA";44,8999293987473;190;2017;3;"C4"
"MESU";5,25623413970598;0;2017;3;"C4"
"PLCO";14,7370508752185;40;2017;3;"C4"
"SCLA";3,21272539769738;0;2017;3;"C4"
"BEMA";14,0356093082274;0;2017;3;"C5"
"CHFU";191,073289455454;5;2017;3;"C5"
"HOMA";19,896516929033;110;2017;3;"C5"
"LEMA";55,2432033170537;250;2017;3;"C5"
"MESU";4,21251388928249;0;2017;3;"C5"
"PLCO";16,3142372544377;0;2017;3;"C5"
"SCLA";3,45230328046734;2;2017;3;"C5"
"BEMA";7,20678568976982;0;2017;3;"C6"
"CHFU";166,106146463732;0;2017;3;"C6"
"HOMA";7,97812536028995;290;2017;3;"C6"
"LEMA";48,8642488513948;220;2017;3;"C6"
"PLCO";10,1125020447705;0;2017;3;"C6"
"BEMA";13,3857095296044;2;2017;3;"D1"
"CHFU";156,789009368211;0;2017;3;"D1"
"CHMI";140,435192910274;7;2017;3;"D1"
"HOMA";6,59395817877228;210;2017;3;"D1"
"LEMA";49,0552583890477;58;2017;3;"D1"
"BEMA";6,82271591529059;2;2017;3;"D2"
"CHFU";161,812110300696;24;2017;3;"D2"
"HOMA";8,21547687286327;120;2017;3;"D2"
"LEMA";48,0617243382659;170;2017;3;"D2"
"PLCO";10,0605310972867;0;2017;3;"D2"
"BEMA";17,0375752057874;0;2017;3;"D3"
"CHMI";142,550893825518;0;2017;3;"D3"
"HOMA";18,6867559973325;90;2017;3;"D3"
"LEMA";46,590408309167;280;2017;3;"D3"
"MESU";4,18341839861842;2;2017;3;"D3"
"PLCO";10,1346310126742;20;2017;3;"D3"
"SCLA";2,24639938401245;0;2017;3;"D3"
"BEMA";6,22795866162651;1;2017;3;"D4"
"CHFU";171,304262074553;35;2017;3;"D4"
"HOMA";10,9080500004492;110;2017;3;"D4"
"LEMA";44,4590199059146;210;2017;3;"D4"
"PLCO";13,0534299774765;12;2017;3;"D4"
"SCLA";4,81275567333441;0;2017;3;"D4"
"BEMA";9,87543247824349;0;2017;3;"D6"
"CHFU";174,474120266823;0;2017;3;"D6"
"HOMA";5,01667320922107;140;2017;3;"D6"
"LEMA";54,7038714465491;160;2017;3;"D6"
"PLCO";7,93243435739746;12;2017;3;"D6"
"BEMA";6,57914284627788;2;2017;3;"E1"
"CHFU";158,694882402436;33;2017;3;"E1"
"HOMA";6,5745973275244;130;2017;3;"E1"
"MESU";3,67216971818739;0;2017;3;"E1"
"BEMA";9,20793328556629;0;2017;3;"E2"
"CHFU";159,504773956137;12;2017;3;"E2"
"HOMA";7,92935168930149;110;2017;3;"E2"
"LEMA";40,3623852465603;220;2017;3;"E2"
"MESU";4,22362680920073;0;2017;3;"E2"
"BEMA";8,30138218935568;0;2017;3;"E3"
"CHFU";164,278733222838;16;2017;3;"E3"
"HOMA";6,0693035911462;120;2017;3;"E3"
"LEMA";44,3022751210055;200;2017;3;"E3"
"PLCO";7,99903810725218;7;2017;3;"E3"
"BEMA";12,586565443324;0;2017;3;"E4"
"CHFU";167,263293926953;5;2017;3;"E4"
"HOMA";8,52850736332784;190;2017;3;"E4"
"LEMA";36,9167493682764;280;2017;3;"E4"
"PLCO";11,4451032765299;0;2017;3;"E4"
"BEMA";6,43905790661298;0;2017;3;"F1"
"CHFU";165,227312775952;42;2017;3;"F1"
"HOMA";7,3769570303512;210;2017;3;"F1"
"LEMA";36,3939373259077;200;2017;3;"F1"
"MESU";1,03533315947861;0;2017;3;"F1"
"BEMA";12,0928287646151;0;2017;3;"F2"
"CHFU";169,079677171899;0;2017;3;"F2"
"HOMA";8,98324278221606;220;2017;3;"F2"
"LEMA";41,318481854698;320;2017;3;"F2"
"BEMA";17,2205566726888;0;2017;3;"F3"
"HOMA";7,05227026509759;300;2017;3;"F3"
"LEMA";38,1519680478459;290;2017;3;"F3"
"PLCO";9,43012828494363;0;2017;3;"F3"
"BEMA";11,023011976991;0;2017;3;"F4"
"CHFU";174,550120266823;14;2017;3;"F4"
"HOMA";12,7453044971901;210;2017;3;"F4"
"LEMA";46,5267604102288;300;2017;3;"F4"
"BEMA";14,869387549809;0;2017;3;"F5"
"CETE";150,192490164162;0;2017;3;"F5"
"CHFU";176,982129645392;0;2017;3;"F5"
"HOMA";14,2299910104129;180;2017;3;"F5"
"LEMA";38,9797107765229;320;2017;3;"F5"
"PLCO";19,0444878727831;0;2017;3;"F5"
"BEMA";9,88228842764174;0;2017;3;"F6"
"CETE";65,7510552410884;3;2017;3;"F6"
"CHFU";159,707099121776;0;2017;3;"F6"
"HOMA";5,11735610760845;280;2017;3;"F6"
"LEMA";27,5906742900275;250;2017;3;"F6"
"BEMA";6,7838922711877;0;2017;4;"B5"
"CHFU";163,564808470683;0;2017;4;"B5"
"CHMI";164,747328267886;0;2017;4;"B5"
"HOMA";5,8252920059215;320;2017;4;"B5"
"MESU";0,544771320002174;0;2017;4;"B5"
"PLCO";0,371671164944266;4;2017;4;"B5"
"BEMA";6,17015540619197;0;2017;4;"C5"
"CHFU";174,492483815944;0;2017;4;"C5"
"CHMI";144,12181417538;0;2017;4;"C5"
"HOMA";10,1572122215173;170;2017;4;"C5"
"LEMA";46,5504503954027;9;2017;4;"C5"
"PLCO";0,492440202924727;4;2017;4;"C5"
"SCLA";1,95635043016061;0;2017;4;"C5"
"BEMA";5,82514439954839;0;2017;4;"F2"
"CHFU";165,116462164178;0;2017;4;"F2"
"CHMI";135,67487979411;0;2017;4;"F2"
"HOMA";8,60197506464658;160;2017;4;"F2"
"LEMA";45,2991241758776;9;2017;4;"F2"
"MESU";0,384900615215239;0;2017;4;"F2"
"PLCO";0,910841931618503;8;2017;4;"F2"
"SASO";23,0675777748683;0;2017;4;"F2"
"BEMA";4,57068910876316;0;2017;5;"A1"
"CHFU";161,70529009781;0;2017;5;"A1"
"HOMA";7,28552713404963;240;2017;5;"A1"
"LEMA";52,2031776931612;3;2017;5;"A1"
"MEEL";3,57916595124817;0;2017;5;"A1"
"MESU";0,851787260937231;0;2017;5;"A1"
"PLCO";8,10085304323987;0;2017;5;"A1"
"SCLA";7,45698037573342;0;2017;5;"A1"
"BEMA";6,32188388930505;0;2017;5;"A3"
"CHFU";173,183677171899;0;2017;5;"A3"
"HOMA";10,6456261164988;290;2017;5;"A3"
"LEMA";71,2474281367788;13;2017;5;"A3"
"BEMA";6,71000800139557;0;2017;5;"A4"
"CHFU";159,570032680142;0;2017;5;"A4"
"HOMA";7,67991622952568;320;2017;5;"A4"
"LEMA";47,1919666474212;45;2017;5;"A4"
"CHFU";160,135425056176;11;2017;5;"A5"
"HOMA";10,0845037646437;140;2017;5;"A5"
"MESU";51,3611836131297;0;2017;5;"A5"
"CHFU";160,892831597336;39;2017;5;"A6"
"HOMA";8,77976280272919;120;2017;5;"A6"
"LEMA";53,187039621991;82;2017;5;"A6"
"MEEL";4,87784226619798;0;2017;5;"A6"
"MESU";4,18617487761907;0;2017;5;"A6"
"BEMA";7,13823951548757;0;2017;5;"B1"
"CHFU";159,675581147262;0;2017;5;"B1"
"HOMA";6,7446081593816;220;2017;5;"B1"
"LEMA";40,6681833078944;7;2017;5;"B1"
"MESU";2,91820925253986;0;2017;5;"B1"
"CHFU";167,549137334878;0;2017;5;"B2"
"HOMA";12,2618549872544;290;2017;5;"B2"
"LEMA";47,5567342863367;62;2017;5;"B2"
"MESU";2,79556666700571;0;2017;5;"B2"
"BEMA";6,18402308267294;0;2017;5;"B3"
"CHFU";161,425019922495;2;2017;5;"B3"
"HOMA";6,91482468954224;210;2017;5;"B3"
"LEMA";49,8989315242187;190;2017;5;"B3"
"MEEL";4,96150950567936;0;2017;5;"B3"
"BEMA";9,24644799696586;0;2017;5;"B4"
"CHFU";175,553671358602;0;2017;5;"B4"
"HOMA";12,9997031979134;230;2017;5;"B4"
"LEMA";54,7318724203782;220;2017;5;"B4"
"MESU";3,44470191532752;0;2017;5;"B4"
"BEMA";9,41975053655031;1;2017;5;"B5"
"CHFU";170,544262074553;0;2017;5;"B5"
"HOMA";10,9080500004492;150;2017;5;"B5"
"CHFU";NA;14;2017;5;"B6"
"HOMA";NA;190;2017;5;"B6"
"BEMA";6,13255552274089;0;2017;5;"C1"
"CHFU";161,987099121776;0;2017;5;"C1"
"HOMA";7,980063356968;240;2017;5;"C1"
"LEMA";47,2542850200001;8;2017;5;"C1"
"MESU";1,80427136196053;0;2017;5;"C1"
"BEMA";9,86883384008186;0;2017;5;"C2"
"CHFU";173,679494375382;0;2017;5;"C2"
"HOMA";10,3293223763573;300;2017;5;"C2"
"LEMA";61,0892333513793;72;2017;5;"C2"
"MESU";5,64554293623758;0;2017;5;"C2"
"CHFU";166,549251691262;0;2017;5;"C3"
"HOMA";11,6397890415369;210;2017;5;"C3"
"LEMA";54,9201146480967;95;2017;5;"C3"
"MESU";2,49370603727372;0;2017;5;"C3"
"BEMA";6,68543022650394;0;2017;5;"C4"
"CHFU";163,787047960845;2;2017;5;"C4"
"HOMA";7,36394534618709;120;2017;5;"C4"
"LEMA";50,7276792158027;280;2017;5;"C4"
"MEEL";5,12329265670855;0;2017;5;"C4"
"CHFU";165,324940212252;8;2017;5;"C5"
"HOMA";11,3753987389661;200;2017;5;"C5"
"MESU";6,56057348740083;0;2017;5;"C5"
"CHFU";NA;8;2017;5;"C6"
"HOMA";NA;190;2017;5;"C6"
"CHFU";163,412972212894;0;2017;5;"D1"
"HOMA";9,14332759805085;290;2017;5;"D1"
"MEEL";5,01181099762141;0;2017;5;"D1"
"MESU";2,35670255503011;0;2017;5;"D1"
"BEMA";5,51569514920619;0;2017;5;"D2"
"CHFU";161,119822492378;2;2017;5;"D2"
"HOMA";7,7535839966318;280;2017;5;"D2"
"LEMA";51,6518760659505;37;2017;5;"D2"
"MESU";1,50595807440553;0;2017;5;"D2"
"PLCO";8,43448447395662;0;2017;5;"D2"
"BEMA";6,30763783160707;0;2017;5;"D3"
"CHFU";160,663822492378;0;2017;5;"D3"
"HOMA";7,7535839966318;190;2017;5;"D3"
"CHFU";NA;1;2017;5;"D4"
"HOMA";NA;180;2017;5;"D4"
"CHFU";NA;0;2017;5;"D5"
"HOMA";NA;150;2017;5;"D5"
"BEMA";6,53830750330338;0;2017;5;"D6"
"CHFU";160,511581147262;1;2017;5;"D6"
"HOMA";7,81475921397311;230;2017;5;"D6"
"MESU";3,52841929686294;0;2017;5;"D6"
"BEMA";6,57837397686774;0;2017;5;"E1"
"CHFU";161,883425056176;5;2017;5;"E1"
"HOMA";6,51943560573583;310;2017;5;"E1"
"LEMA";49,7502285121543;21;2017;5;"E1"
"MEEL";4,62762820330285;0;2017;5;"E1"
"MESU";2,97261237600865;0;2017;5;"E1"
"CHFU";163,868808470683;0;2017;5;"E2"
"HOMA";10,5997876383539;330;2017;5;"E2"
"LEMA";45,8492478996849;39;2017;5;"E2"
"MESU";1,77127149431658;0;2017;5;"E2"
"BEMA";6,90277060946414;0;2017;5;"E3"
"CHFU";161,653019922495;0;2017;5;"E3"
"HOMA";8,15130438364496;340;2017;5;"E3"
"LEMA";54,0677188512534;42;2017;5;"E3"
"MESU";2,81122885567527;0;2017;5;"E3"
"PLCO";9,18344062869162;0;2017;5;"E3"
"BEMA";7,87538341109398;0;2017;5;"E4"
"CHFU";159,42529009781;1;2017;5;"E4"
"HOMA";7,83636572443884;280;2017;5;"E4"
"LEMA";57,7509853558523;47;2017;5;"E4"
"MESU";5,4572129512895;0;2017;5;"E4"
"CHFU";163,863047960845;0;2017;5;"E5"
"HOMA";10,0136096789017;270;2017;5;"E5"
"LEMA";67,4433893510451;68;2017;5;"E5"
"MEEL";5,31730333997388;0;2017;5;"E5"
"CHFU";158,844040027611;1;2017;5;"E6"
"HOMA";9,33681322238985;200;2017;5;"E6"
"LEMA";55,714941472447;90;2017;5;"E6"
"CHFU";165,529554307199;0;2017;5;"F1"
"HOMA";9,6591616364671;300;2017;5;"F1"
"LEMA";68,2707473187749;39;2017;5;"F1"
"MEEL";5,34595150255704;0;2017;5;"F1"
"MESU";3,2776607014863;0;2017;5;"F1"
"BEMA";6,4565165806137;0;2017;5;"F2"
"CHFU";161,847017223149;0;2017;5;"F2"
"HOMA";6,84653288497705;340;2017;5;"F2"
"CETE";23,1205648622205;0;2017;5;"F3"
"CHFU";164,204462164178;1;2017;5;"F3"
"HOMA";8,31187535956236;360;2017;5;"F3"
"SCLA";15,0331118933322;0;2017;5;"F3"
"SPRU";327,368320286067;0;2017;5;"F3"
"CETE";19,6603458461676;9;2017;5;"F4"
"CHFU";164,476808470683;1;2017;5;"F4"
"HOMA";10,5997876383539;340;2017;5;"F4"
"LEMA";55,39399620266;80;2017;5;"F4"
"BEMA";7,36019394921643;0;2017;5;"F5"
"CETE";23,835898019945;16;2017;5;"F5"
"CHFU";165,096959266921;3;2017;5;"F5"
"HOMA";7,53299481843905;310;2017;5;"F5"
"LEMA";44,8643412739866;75;2017;5;"F5"
"BEMA";6,80219777685983;0;2017;6;"A1"
"CHFU";194,113289455454;0;2017;6;"A1"
"HOMA";18,0722984467178;90;2017;6;"A1"
"PLCO";20,513849399171;130;2017;6;"A1"
"SPRU";327,368320286067;0;2017;6;"A1"
"BEMA";4,17930821444679;0;2017;6;"A3"
"CHFU";182,150129645392;0;2017;6;"A3"
"HOMA";11,7811464495554;140;2017;6;"A3"
"LEMA";53,4072969977799;48;2017;6;"A3"
"MEEL";4,79496109826704;0;2017;6;"A3"
"PLCO";16,3045070002678;60;2017;6;"A3"
"BEMA";6,113965835997;0;2017;6;"A5"
"CHFU";189,949548181725;0;2017;6;"A5"
"HOMA";7,57765659889747;100;2017;6;"A5"
"LEMA";55,6355550652177;19;2017;6;"A5"
"PLCO";10,4134615581389;190;2017;6;"A5"
"SCLA";2,78643848103111;0;2017;6;"A5"
"SPRU";327,368320286067;3;2017;6;"A5"
"BEMA";7,08298738615612;0;2017;6;"B2"
"CHFU";189,803694297057;0;2017;6;"B2"
"HOMA";16,4353369971337;140;2017;6;"B2"
"LEMA";66,5273730854113;4;2017;6;"B2"
"PLCO";21,9540515486569;80;2017;6;"B2"
"BEMA";4,27193610367975;0;2017;6;"B4"
"CHFU";179,581671358602;4;2017;6;"B4"
"HOMA";6,95367600485357;190;2017;6;"B4"
"LEMA";58,1779986882334;2;2017;6;"B4"
"MEEL";3,97006764040771;0;2017;6;"B4"
"PLCO";9,21475569998699;40;2017;6;"B4"
"SASO";18,3480246565341;10;2017;6;"B4"
"SPRU";164,954602291342;0;2017;6;"B4"
"BEMA";5,03410082525831;0;2017;6;"B6"
"CHFU";169,771703083766;45;2017;6;"B6"
"HOMA";5,71086500186539;120;2017;6;"B6"
"LEMA";49,6891739470658;60;2017;6;"B6"
"MEEL";3,49120532979636;0;2017;6;"B6"
"PLCO";8,42547447643325;20;2017;6;"B6"
"SCLA";4,72072411880878;0;2017;6;"B6"
"BEMA";4,56218129527477;0;2017;6;"C5"
"CHFU";164,06129009781;0;2017;6;"C5"
"HOMA";5,13242559195013;180;2017;6;"C5"
"LEMA";36,2405825946094;7;2017;6;"C5"
"MEEL";2,1418051737272;0;2017;6;"C5"
"PLCO";5,40979590904049;20;2017;6;"C5"
"SASO";9,86333015157047;0;2017;6;"C5"
"CHFU";161,784773956137;4;2017;6;"D4"
"HOMA";9,72691767225038;160;2017;6;"D4"
"LEMA";49,1800646784908;18;2017;6;"D4"
"PLCO";10,2735455609715;4;2017;6;"D4"
"SASO";26,2564522063399;0;2017;6;"D4"
"BEMA";5,36876795399202;0;2017;6;"D5"
"CHFU";166,633469696674;6;2017;6;"D5"
"HOMA";8,69488854694345;150;2017;6;"D5"
"LEMA";50,6276901544895;2;2017;6;"D5"
"PLCO";11,0931469575091;12;2017;6;"D5"
"BEMA";8,07589171556519;0;2017;6;"E1"
"CHFU";172,81676465287;0;2017;6;"E1"
"HOMA";9,99546427580289;140;2017;6;"E1"
"PLCO";12,8911585325867;25;2017;6;"E1"
"BEMA";6,3487722186008;0;2017;6;"E5"
"CHFU";184,364033074307;0;2017;6;"E5"
"HOMA";7,52346242330711;190;2017;6;"E5"
"LEMA";61,8726821442244;6;2017;6;"E5"
"PLCO";9,84141881887813;35;2017;6;"E5"
"SPRU";327,597920286067;0;2017;6;"E5"
"BEMA";4,55038752085681;0;2017;6;"F1"
"CHFU";188,131694297057;0;2017;6;"F1"
"HOMA";12,3761758774858;200;2017;6;"F1"
"LEMA";57,3404080636814;0;2017;6;"F1"
"MEEL";4,49021046294543;0;2017;6;"F1"
"PLCO";17,5809143401472;30;2017;6;"F1"
"SCLA";5,20406958154004;0;2017;6;"F1"
"BEMA";4,0715739501006;0;2017;6;"F2"
"CHFU";166,832012259252;0;2017;6;"F2"
"HOMA";6,37367075860419;190;2017;6;"F2"
"LEMA";38,6499863362129;0;2017;6;"F2"
"PLCO";7,56650934016835;35;2017;6;"F2"
"SCLA";3,34666825263643;0;2017;6;"F2"
"BEMA";5,89639820816969;0;2017;6;"F4"
"CHFU";175,02076465287;0;2017;6;"F4"
"HOMA";11,8799805277928;220;2017;6;"F4"
"LEMA";59,0079295766392;0;2017;6;"F4"
"PLCO";11,9349573032577;10;2017;6;"F4"
"SASO";11,6669508352976;0;2017;6;"F4"
"BEMA";30,913581990468;0;2017;7;"A2"
"MESU";147,493550630399;0;2017;7;"A2"
"SASO";10,3235574312241;3;2017;7;"A2"
"BEMA";22,3464714591068;0;2017;7;"A4"
"CHFU";216,34702580873;3;2017;7;"A4"
"POMA";44,7843893626975;0;2017;7;"A4"
"SASO";7,28875783104355;6;2017;7;"A4"
"BEMA";21,8011047419422;0;2017;7;"A5"
"CETE";120,587925705173;0;2017;7;"A5"
"CHFU";216,34702580873;3;2017;7;"A5"
"MESU";46,7347183615008;0;2017;7;"A5"
"PUPA";321,325920075732;0;2017;7;"A5"
"BEMA";30,5467026474296;1;2017;7;"A6"
"MESU";147,783350630399;0;2017;7;"A6"
"POMA";44,9089247026124;0;2017;7;"A6"
"PUPA";441,563791130264;0;2017;7;"A6"
"SASO";13,4574736851979;2;2017;7;"A6"
"BEMA";30,7961727917102;3;2017;7;"B4"
"LEMA";87,558321616819;0;2017;7;"B4"
"MESU";62,2791018963033;0;2017;7;"B4"
"POMA";35,5092867188022;0;2017;7;"B4"
"SASO";8,82027813300354;2;2017;7;"B4"
"BEMA";29,8751098556079;4;2017;7;"C2"
"POMA";62,1070487274474;0;2017;7;"C2"
"SASO";9,69745663462852;4;2017;7;"C2"
"SCLA";14,2053706429999;0;2017;7;"C2"
"BEMA";28,4198660097512;0;2017;7;"C4"
"MESU";57,0283559947246;0;2017;7;"C4"
"POMA";52,1206289750747;0;2017;7;"C4"
"SASO";8,07221493642675;4;2017;7;"C4"
"SCLA";10,8291444212984;0;2017;7;"C4"
"BEMA";19,4890479645493;0;2017;7;"D2"
"CHFU";200,710715131747;3;2017;7;"D2"
"HOMA";12,4881357613342;0;2017;7;"D2"
"POMA";38,9223111240947;0;2017;7;"D2"
"BEMA";24,1068629894643;2;2017;7;"D3"
"CHFU";216,27102580873;2;2017;7;"D3"
"LEMA";91,9579746926372;0;2017;7;"D3"
"POMA";32,0991919253593;0;2017;7;"D3"
"POMO";10,7686299848193;0;2017;7;"D3"
"PUPA";344,247456095317;0;2017;7;"D3"
"BEMA";23,147292887258;1;2017;7;"D5"
"CHFU";216,27102580873;2;2017;7;"D5"
"MESU";63,5814613818574;0;2017;7;"D5"
"POMA";25,5024114214933;0;2017;7;"D5"
"SPRU";327,368320286067;0;2017;7;"D5"
"BEMA";26,146459626815;0;2017;7;"D6"
"CHFU";216,19502580873;1;2017;7;"D6"
"MESU";79,6998026881772;0;2017;7;"D6"
"POMA";34,4917825628939;0;2017;7;"D6"
"PUPA";378,83044940905;0;2017;7;"D6"
"SASO";9,26471216295514;3;2017;7;"D6"
"BEMA";19,7654819754888;0;2017;7;"F1"
"HOMA";7,00724136058518;72;2017;7;"F1"
"MESU";103,939382384642;0;2017;7;"F1"
"PUPA";441,563791130264;0;2017;7;"F1"
"BEMA";31,5888507578349;0;2017;8;"A3"
"MESU";165,282819592829;0;2017;8;"A3"
"POMA";66,2087466114857;0;2017;8;"A3"
"PUPA";441,651791130264;20;2017;8;"A3"
"BEMA";29,5469745581266;0;2017;8;"A4"
"MESU";165,282819592829;0;2017;8;"A4"
"PAIN";0,921241688378724;3;2017;8;"A4"
"POMA";26,3351191122086;0;2017;8;"A4"
"PUPA";441,915791130264;20;2017;8;"A4"
"BEMA";19,213730659516;0;2017;8;"B2"
"CHFU";216,49902580873;5;2017;8;"B2"
"MESU";30,4444478104701;0;2017;8;"B2"
"POMA";64,049727688198;0;2017;8;"B2"
"SASO";19,5288702596028;3;2017;8;"B2"
"SPRU";327,368320286067;0;2017;8;"B2"
"BEMA";29,3395234468102;0;2017;8;"B5"
"MESU";134,9319471081;0;2017;8;"B5"
"PLCO";10,0389641137707;0;2017;8;"B5"
"POMA";47,5436349893822;0;2017;8;"B5"
"PUPA";441,915791130264;12;2017;8;"B5"
"BEMA";28,7504907688742;0;2017;8;"C1"
"HOMA";33,4208391440145;0;2017;8;"C1"
"MESU";133,239607208529;0;2017;8;"C1"
"SASO";15,5625673755991;6;2017;8;"C1"
"BEMA";20,5299373728535;0;2017;8;"C3"
"HOMA";5,05955818068124;69;2017;8;"C3"
"PAIN";0,576538640827739;2;2017;8;"C3"
"POMA";34,2511854675199;0;2017;8;"C3"
"PUPA";441,739791130264;12;2017;8;"C3"
"BEMA";20,211571544458;3;2017;8;"D1"
"CHFU";216,42302580873;4;2017;8;"D1"
"MESU";36,8211850455063;0;2017;8;"D1"
"POMA";52,6562346863129;0;2017;8;"D1"
"SASO";18,3863156135053;11;2017;8;"D1"
"BEMA";15,8080962061467;0;2017;8;"D2"
"CHFU";149,474848178784;2;2017;8;"D2"
"HOMA";6,03001718129884;5;2017;8;"D2"
"MESU";38,1510100261338;0;2017;8;"D2"
"SOAS";55,4009834452623;0;2017;8;"D2"
"BEMA";12,2072232643736;3;2017;8;"D3"
"CHFU";191,909289455454;12;2017;8;"D3"
"HOMA";12,9321547522782;7;2017;8;"D3"
"MESU";12,520794947171;0;2017;8;"D3"
"POMA";47,7139373112394;0;2017;8;"D3"
"PUPA";238,754583171952;90;2017;8;"D3"
"BEMA";21,724107429555;3;2017;8;"D4"
"CHFU";216,34702580873;3;2017;8;"D4"
"MESU";42,6969014231526;0;2017;8;"D4"
"POMA";69,5007247883453;0;2017;8;"D4"
"PUPA";321,237920075732;80;2017;8;"D4"
"SASO";14,5617726535773;0;2017;8;"D4"
"BEMA";18,5749714640504;0;2017;8;"D6"
"CHFU";216,49902580873;5;2017;8;"D6"
"MESU";34,3606639185658;0;2017;8;"D6"
"POMA";57,8168126568172;0;2017;8;"D6"
"PUPA";290,334961170951;60;2017;8;"D6"
"BEMA";19,482649338182;0;2017;8;"E3"
"CHFU";206,414193051584;3;2017;8;"E3"
"HOMA";25,5387469570155;0;2017;8;"E3"
"MESU";42,0799763844489;0;2017;8;"E3"
"POMA";56,4608038822251;6;2017;8;"E3"
"PUPA";320,973920075732;30;2017;8;"E3"
"SASO";22,3560764557741;2;2017;8;"E3"
"BEMA";18,5932503765456;1;2017;8;"E5"
"CHFU";179,999347350891;0;2017;8;"E5"
"HOMA";11,6149810983259;0;2017;8;"E5"
"MESU";57,7634659429094;0;2017;8;"E5"
"SASO";15,2041733197822;66;2017;8;"E5"
"CHFU";181,172033074307;6;2017;8;"F2"
"HOMA";16,8398832162561;0;2017;8;"F2"
"MESU";28,077603242217;0;2017;8;"F2"
"POMA";74,9571949715126;0;2017;8;"F2"
"PUPA";303,667666988649;7;2017;8;"F2"
"BEMA";15,4628967947098;0;2017;8;"F4"
"CHFU";184,477548181725;3;2017;8;"F4"
"HOMA";9,49740741824938;0;2017;8;"F4"
"MESU";36,2996942205681;0;2017;8;"F4"
"PUPA";321,149920075732;40;2017;8;"F4"
"BEMA";27,795156994998;0;2017;9;"A2"
"LEMA";91,5250881727917;0;2017;9;"A2"
"MESU";70,8752540108639;0;2017;9;"A2"
"POMA";21,8707810135083;0;2017;9;"A2"
"SOAS";103,776183617279;0;2017;9;"A2"
"SPRU";218,253393504565;0;2017;9;"A2"
"BEMA";20,0339558063373;0;2017;9;"A3"
"HOMA";17,2898600991509;0;2017;9;"A3"
"MESU";36,5193137725661;0;2017;9;"A3"
"PAIN";0,720010549084744;0;2017;9;"A3"
"PLCO";13,4743549344134;0;2017;9;"A3"
"POMO";24,6956565686293;0;2017;9;"A3"
"BEMA";17,687877069578;0;2017;9;"A4"
"HOMA";5,37884769901639;0;2017;9;"A4"
"MESU";12,956641998781;0;2017;9;"A4"
"PLCO";5,23081023867347;0;2017;9;"A4"
"POMO";5,40997669080644;0;2017;9;"A4"
"SCLA";2,18053318443653;0;2017;9;"A4"
"SPRU";54,3412867132922;0;2017;9;"A4"
"BEMA";22,1082756882958;0;2017;9;"A5"
"HOMA";9,21541888059705;0;2017;9;"A5"
"PAIN";1,97565414677351;0;2017;9;"A5"
"PLCO";13,2740473062709;0;2017;9;"A5"
"SCLA";6,24227828641753;0;2017;9;"A5"
"SPRU";327,597920286067;0;2017;9;"A5"
"BEMA";22,268518891899;0;2017;9;"A6"
"MESU";44,1867686832305;0;2017;9;"A6"
"PAIN";2,44110271925207;0;2017;9;"A6"
"PLCO";21,9819160057737;0;2017;9;"A6"
"SOAS";98,1820668784501;0;2017;9;"A6"
"BEMA";22,8958089155969;0;2017;9;"B1"
"HOMA";4,17399034806621;0;2017;9;"B1"
"POMA";18,0087413248576;0;2017;9;"B1"
"POMO";5,69572274540133;0;2017;9;"B1"
"SASO";8,68911320843822;0;2017;9;"B1"
"SCLA";3,11017149527606;0;2017;9;"B1"
"SPRU";128,405058476644;0;2017;9;"B1"
"BEMA";17,4100155940074;0;2017;9;"B3"
"HOMA";3,855644659398;0;2017;9;"B3"
"MESU";22,4178374478424;0;2017;9;"B3"
"PLCO";6,94386414590331;0;2017;9;"B3"
"POMA";12,6123227116436;0;2017;9;"B3"
"SCLA";2,35083983399573;0;2017;9;"B3"
"SOAS";53,7046992418146;0;2017;9;"B3"
"BEMA";24,3042223355646;0;2017;9;"C1"
"LEMA";103,215349974518;0;2017;9;"C1"
"MESU";29,0124148224328;0;2017;9;"C1"
"PAIN";1,52251419096275;0;2017;9;"C1"
"PLCO";14,2505944333465;0;2017;9;"C1"
"POMA";22,2467424793704;0;2017;9;"C1"
"POMO";13,9148407894848;0;2017;9;"C1"
"SCLA";4,57795173688828;0;2017;9;"C1"
"SPRU";182,331323846148;0;2017;9;"C1"
"BEMA";20,2064023853896;0;2017;9;"C4"
"HOMA";3,53909360142619;0;2017;9;"C4"
"MESU";64,5532875200789;0;2017;9;"C4"
"PLCO";5,73881569103971;0;2017;9;"C4"
"POMA";10,3194671136853;0;2017;9;"C4"
"SOAS";63,2357167284067;0;2017;9;"C4"
"SPRU";218,023793504565;0;2017;9;"C4"
"BEMA";21,2021349243051;0;2017;9;"C5"
"HOMA";2,75550365118505;0;2017;9;"C5"
"MESU";43,940528753282;0;2017;9;"C5"
"PAIN";0,576195782359023;0;2017;9;"C5"
"POMA";13,7747905280608;0;2017;9;"C5"
"SCLA";1,96946695980879;0;2017;9;"C5"
"SOAS";70,5800695660026;0;2017;9;"C5"
"SPRU";218,712593504565;0;2017;9;"C5"
"BEMA";NA;0;2017;9;"C6"
"SPRU";NA;0;2017;9;"C6"
"BEMA";26,2748321004133;0;2017;9;"D1"
"LEMA";106,046260418533;0;2017;9;"D1"
"MESU";59,4611938336926;0;2017;9;"D1"
"PAIN";1,69844862475365;0;2017;9;"D1"
"SOAS";106,674800269539;0;2017;9;"D1"
"SPRU";165,781672014286;0;2017;9;"D1"
"BEMA";23,8063533626891;0;2017;9;"D2"
"HOMA";5,59724069078607;0;2017;9;"D2"
"MESU";89,2641264663999;0;2017;9;"D2"
"POMA";18,7259412461918;0;2017;9;"D2"
"SOAS";82,3071644216617;0;2017;9;"D2"
"SPRU";218,712593504565;0;2017;9;"D2"
"BEMA";20,3626077278847;0;2017;9;"D3"
"HOMA";6,23948659322127;0;2017;9;"D3"
"MESU";53,1977592990312;0;2017;9;"D3"
"POMA";17,5433442778922;0;2017;9;"D3"
"POMO";18,348315779886;0;2017;9;"D3"
"SOAS";70,7501646576007;0;2017;9;"D3"
"BEMA";26,251296267462;0;2017;9;"E5"
"HOMA";3,16498879492088;0;2017;9;"E5"
"POMA";16,2032715821461;0;2017;9;"E5"
"POMO";3,47676066170099;0;2017;9;"E5"
"SASO";16,6276712590748;0;2017;9;"E5"
"SPRU";183,938523846148;0;2017;9;"E5"
"BEMA";32,7299334375741;0;2017;9;"E6"
"PAIN";5,41934514657541;0;2017;9;"E6"
"SPRU";328,286720286067;0;2017;9;"E6"
"BEMA";23,5154943965851;0;2017;9;"F1"
"HOMA";6,69217280615119;0;2017;9;"F1"
"LEMA";52,474959604197;0;2017;9;"F1"
"MESU";53,4700289205432;0;2017;9;"F1"
"POMA";13,9959905643737;0;2017;9;"F1"
"SOAS";77,921699833616;0;2017;9;"F1"
"BEMA";28,3989067791221;0;2017;9;"F3"
"MESU";164,993019592829;0;2017;9;"F3"
"SPRU";329,664320286067;0;2017;9;"F3"
"BEMA";NA;0;2017;9;"F4"
"SPRU";NA;0;2017;9;"F4"
"BEMA";27,648504555286;0;2017;9;"F5"
"MESU";105,381847175101;0;2017;9;"F5"
"PLCO";22,4470300236293;0;2017;9;"F5"
"POMA";40,6969370964173;0;2017;9;"F5"
"SASO";11,2926541658334;0;2017;9;"F5"
"BEMA";NA;0;2017;9;"F6"
"SPRU";NA;0;2017;9;"F6"
"CETE";473,727670771246;0;2019;1;"A1"
"HOMA";9,36974434640598;340;2019;1;"A1"
"LEMA";41,335749502079;12;2019;1;"A1"
"SASO";15,6444937779682;0;2019;1;"A1"
"CETE";473,868670771246;0;2019;1;"A2"
"HOMA";9,36974434640598;380;2019;1;"A2"
"LEMA";41,335749502079;20;2019;1;"A2"
"SASO";12,8864359976743;0;2019;1;"A2"
"CETE";473,680670771246;0;2019;1;"A3"
"HOMA";9,25251833641426;390;2019;1;"A3"
"PUPA";441,563791130264;0;2019;1;"A3"
"SASO";19,1057256518445;0;2019;1;"A3"
"CETE";473,680670771246;0;2019;1;"A4"
"HOMA";8,28000733232806;400;2019;1;"A4"
"LEMA";37,1206385035661;15;2019;1;"A4"
"POMA";42,0447883416138;0;2019;1;"A4"
"PUPA";441,563791130264;0;2019;1;"A4"
"SASO";8,52936446150605;0;2019;1;"A4"
"HOMA";8,50297688008758;370;2019;1;"A5"
"PUPA";441,739791130264;0;2019;1;"A5"
"SASO";16,3414054599644;0;2019;1;"A5"
"HOMA";8,6714450672234;360;2019;1;"A6"
"LEMA";45,7291722266509;6;2019;1;"A6"
"PUPA";441,739791130264;0;2019;1;"A6"
"SASO";15,2326942986251;0;2019;1;"A6"
"HOMA";8,07725856145418;380;2019;1;"B1"
"LEMA";36,8856110528265;10;2019;1;"B1"
"PUPA";442,179791130264;0;2019;1;"B1"
"SASO";25,6114064187236;0;2019;1;"B1"
"HOMA";8,31337132632282;350;2019;1;"B2"
"LEMA";38,7086657688719;30;2019;1;"B2"
"PUPA";441,651791130264;0;2019;1;"B2"
"SASO";25,6522992758713;0;2019;1;"B2"
"HOMA";8,5865603683592;370;2019;1;"B3"
"LEMA";47,2250116166369;20;2019;1;"B3"
"PUPA";441,563791130264;0;2019;1;"B3"
"SASO";31,2438037773054;0;2019;1;"B3"
"HOMA";8,75985353338016;350;2019;1;"B4"
"LEMA";41,5651513865728;25;2019;1;"B4"
"SASO";22,0594292399036;0;2019;1;"B4"
"HOMA";8,94659623463038;370;2019;1;"B5"
"LEMA";31,9872671953261;30;2019;1;"B5"
"POMA";39,1660271875608;0;2019;1;"B5"
"SASO";19,4767363132083;1;2019;1;"B5"
"CETE";473,821670771246;0;2019;1;"B6"
"HOMA";9,44240068460883;350;2019;1;"B6"
"LEMA";37,6020335183293;20;2019;1;"B6"
"PUPA";441,915791130264;0;2019;1;"B6"
"SASO";14,2848018450438;0;2019;1;"B6"
"HOMA";NA;350;2019;1;"C1"
"SASO";NA;0;2019;1;"C1"
"HOMA";8,17121551920082;390;2019;1;"C2"
"PUPA";442,707791130264;0;2019;1;"C2"
"SASO";31,1751580048067;0;2019;1;"C2"
"HOMA";8,43306958267236;370;2019;1;"C3"
"LEMA";35,7893289315067;11;2019;1;"C3"
"POMA";40,7563099142302;0;2019;1;"C3"
"PUPA";441,827791130264;0;2019;1;"C3"
"SASO";31,1538199743216;0;2019;1;"C3"
"HOMA";8,94124708401995;380;2019;1;"C4"
"LEMA";35,2092572211569;25;2019;1;"C4"
"PUPA";441,651791130264;0;2019;1;"C4"
"SASO";31,1131688449294;0;2019;1;"C4"
"HOMA";NA;180;2019;1;"C5"
"LEMA";NA;15;2019;1;"C5"
"HOMA";7,88028908185538;400;2019;1;"C6"
"LEMA";40,7640213772177;40;2019;1;"C6"
"PUPA";441,827791130264;0;2019;1;"C6"
"SASO";22,1786510891774;1;2019;1;"C6"
"HOMA";8,30740709555937;300;2019;1;"D1"
"LEMA";36,8170961105958;25;2019;1;"D1"
"PUPA";441,563791130264;0;2019;1;"D1"
"HOMA";8,14990218100385;340;2019;1;"D2"
"LEMA";42,3456796091158;35;2019;1;"D2"
"PUPA";441,739791130264;0;2019;1;"D2"
"HOMA";7,93279665612303;340;2019;1;"D3"
"LEMA";42,9026874415645;50;2019;1;"D3"
"POMA";49,0976346256183;0;2019;1;"D3"
"PUPA";441,563791130264;0;2019;1;"D3"
"SASO";41,6039671007531;1;2019;1;"D3"
"HOMA";8,5865603683592;400;2019;1;"D4"
"PUPA";441,563791130264;0;2019;1;"D4"
"SASO";17,0040611056618;0;2019;1;"D4"
"HOMA";8,37786429249698;340;2019;1;"D5"
"LEMA";39,7671589631015;15;2019;1;"D5"
"PUPA";441,651791130264;0;2019;1;"D5"
"SASO";12,3308344491834;0;2019;1;"D5"
"HOMA";7,72419787025778;390;2019;1;"D6"
"LEMA";34,1628249539862;35;2019;1;"D6"
"PAIN";0,450311260099009;70;2019;1;"D6"
"POMA";40,1513418946172;0;2019;1;"D6"
"PUPA";441,827791130264;0;2019;1;"D6"
"SASO";22,2316632958728;0;2019;1;"D6"
"CETE";473,680670771246;0;2019;1;"E1"
"HOMA";8,2776229724662;290;2019;1;"E1"
"PUPA";441,739791130264;0;2019;1;"E1"
"SASO";13,7880411108774;0;2019;1;"E1"
"BEMA";15,500523322088;0;2019;1;"E2"
"CETE";473,727670771246;0;2019;1;"E2"
"HOMA";7,86892059041885;350;2019;1;"E2"
"LEMA";29,8972357806861;40;2019;1;"E2"
"PUPA";441,827791130264;0;2019;1;"E2"
"SASO";8,32415085014807;0;2019;1;"E2"
"CETE";473,680670771246;0;2019;1;"E3"
"HOMA";8,77743220119727;350;2019;1;"E3"
"LEMA";32,6209081673819;30;2019;1;"E3"
"PUPA";442,003791130264;0;2019;1;"E3"
"CETE";474,479670771246;0;2019;1;"E4"
"HOMA";9,55352073908479;360;2019;1;"E4"
"LEMA";30,6239770911812;30;2019;1;"E4"
"SASO";29,1196083678156;0;2019;1;"E4"
"CETE";473,680670771246;0;2019;1;"E5"
"HOMA";8,90685021319064;300;2019;1;"E5"
"LEMA";29,6303722711592;50;2019;1;"E5"
"PUPA";442,531791130264;0;2019;1;"E5"
"SASO";13,7713154269886;1;2019;1;"E5"
"HOMA";8,3863917953503;340;2019;1;"E6"
"LEMA";29,9364513255224;30;2019;1;"E6"
"PAIN";0,421015587883893;30;2019;1;"E6"
"PUPA";442,443791130264;0;2019;1;"E6"
"SASO";27,6513955544393;0;2019;1;"E6"
"CETE";473,962670771246;0;2019;1;"F1"
"HOMA";9,55352073908479;380;2019;1;"F1"
"LEMA";38,5353516399273;15;2019;1;"F1"
"SASO";7,42400377110871;0;2019;1;"F1"
"CETE";473,680670771246;0;2019;1;"F2"
"HOMA";9,947464530489;380;2019;1;"F2"
"LEMA";37,6020335183293;20;2019;1;"F2"
"HOMA";9,17716681626161;350;2019;1;"F3"
"LEMA";34,2875583075122;25;2019;1;"F3"
"PUPA";441,827791130264;0;2019;1;"F3"
"CETE";473,915670771246;0;2019;1;"F4"
"HOMA";9,71177249554567;200;2019;1;"F4"
"LEMA";25,5435989681107;30;2019;1;"F4"
"PUPA";441,827791130264;0;2019;1;"F4"
"CETE";473,915670771246;0;2019;1;"F5"
"HOMA";9,73313697082239;250;2019;1;"F5"
"LEMA";33,1132273721713;35;2019;1;"F5"
"PUPA";442,003791130264;0;2019;1;"F5"
"SASO";7,55915851961495;0;2019;1;"F5"
"CETE";473,727670771246;0;2019;1;"F6"
"HOMA";9,23972964626491;380;2019;1;"F6"
"LEMA";34,317532227264;20;2019;1;"F6"
"PUPA";444,115791130264;0;2019;1;"F6"
"SASO";7,85641746307727;0;2019;1;"F6"
"HOMA";NA;200;2019;2;"A1"
"SASO";NA;2;2019;2;"A1"
"HOMA";7,85673045976592;300;2019;2;"A2"
"POMA";54,0925230469424;0;2019;2;"A2"
"PUPA";441,651791130264;0;2019;2;"A2"
"SASO";22,0957474168089;0;2019;2;"A2"
"HOMA";8,08154953051852;350;2019;2;"A3"
"PUPA";441,651791130264;0;2019;2;"A3"
"SASO";10,2391533701083;3;2019;2;"A3"
"BEMA";15,6913610063108;0;2019;2;"A4"
"HOMA";6,2437738055838;300;2019;2;"A4"
"LEMA";30,7443095922665;40;2019;2;"A4"
"POMA";25,9760610534852;0;2019;2;"A4"
"PUPA";443,323791130264;0;2019;2;"A4"
"SASO";14,1247169269596;0;2019;2;"A4"
"HOMA";7,50182254616164;375;2019;2;"A5"
"LEMA";34,7116270363141;50;2019;2;"A5"
"PAIN";0,420705154544931;50;2019;2;"A5"
"POMA";43,1241572124165;0;2019;2;"A5"
"PUPA";443,939791130264;0;2019;2;"A5"
"SASO";25,5555107349965;0;2019;2;"A5"
"HOMA";8,3492416773355;360;2019;2;"A6"
"LEMA";40,4074758058105;40;2019;2;"A6"
"POMA";47,3469862586687;0;2019;2;"A6"
"SASO";10,1776043821391;2;2019;2;"A6"
"HOMA";NA;190;2019;2;"B1"
"SASO";NA;0;2019;2;"B1"
"HOMA";8,45812112694085;240;2019;2;"B2"
"LEMA";48,0790966043457;25;2019;2;"B2"
"PUPA";441,563791130264;0;2019;2;"B2"
"SASO";19,5990273201157;0;2019;2;"B2"
"BEMA";16,0521421372388;0;2019;2;"B3"
"HOMA";6,95283038524856;350;2019;2;"B3"
"POMA";41,2821557489035;0;2019;2;"B3"
"PUPA";441,651791130264;0;2019;2;"B3"
"SASO";11,6176651565131;2;2019;2;"B3"
"HOMA";NA;200;2019;2;"B4"
"SASO";NA;1;2019;2;"B4"
"HOMA";7,57983195657208;380;2019;2;"B5"
"PUPA";442,267791130264;0;2019;2;"B5"
"SASO";22,2020180041574;1;2019;2;"B5"
"HOMA";7,73816945622526;380;2019;2;"B6"
"POMA";56,4494913083983;5;2019;2;"B6"
"PUPA";441,651791130264;0;2019;2;"B6"
"SASO";13,1655374530177;2;2019;2;"B6"
"CETE";473,680670771246;0;2019;2;"C1"
"HOMA";8,53690780133013;300;2019;2;"C1"
"SASO";10,1918199502878;4;2019;2;"C1"
"BEMA";16,5151843050549;0;2019;2;"C2"
"CETE";473,821670771246;1;2019;2;"C2"
"HOMA";6,02668555810741;350;2019;2;"C2"
"POMA";34,6182723973485;0;2019;2;"C2"
"PUPA";441,563791130264;0;2019;2;"C2"
"SASO";6,50016158550499;3;2019;2;"C2"
"HOMA";8,22387755491025;275;2019;2;"C3"
"PUPA";441,563791130264;0;2019;2;"C3"
"SASO";17,8779035577056;3;2019;2;"C3"
"BEMA";15,99885179375;0;2019;2;"C4"
"CETE";474,103670771246;2;2019;2;"C4"
"HOMA";5,72366301509585;360;2019;2;"C4"
"PUPA";442,267791130264;0;2019;2;"C4"
"SASO";4,88474753894616;2;2019;2;"C4"
"CETE";473,868670771246;0;2019;2;"C5"
"HOMA";7,16969206360272;290;2019;2;"C5"
"POMA";51,5835642368057;0;2019;2;"C5"
"PUPA";445,435791130264;2;2019;2;"C5"
"SASO";12,9798599228316;7;2019;2;"C5"
"HOMA";7,45894691526128;330;2019;2;"C6"
"POMA";58,5095705740213;8;2019;2;"C6"
"PUPA";441,739791130264;0;2019;2;"C6"
"SASO";16,5354124229113;0;2019;2;"C6"
"CETE";473,962670771246;0;2019;2;"D1"
"HOMA";9,14137773477012;300;2019;2;"D1"
"PUPA";441,739791130264;0;2019;2;"D1"
"HOMA";9,19654829659481;350;2019;2;"D2"
"LEMA";45,3920641694471;30;2019;2;"D2"
"SASO";21,9654468060951;1;2019;2;"D2"
"CETE";473,821670771246;0;2019;2;"D3"
"HOMA";9,36974434640598;275;2019;2;"D3"
"SASO";8,49077988401997;0;2019;2;"D3"
"CETE";474,714670771246;0;2019;2;"D4"
"HOMA";8,11349157950285;170;2019;2;"D4"
"LEMA";50,070502777187;4;2019;2;"D4"
"PUPA";441,651791130264;0;2019;2;"D4"
"SASO";3,83460393861115;0;2019;2;"D4"
"HOMA";8,76029030309977;150;2019;2;"D5"
"PUPA";441,739791130264;0;2019;2;"D5"
"SASO";21,9654468060951;0;2019;2;"D5"
"HOMA";NA;200;2019;2;"D6"
"SASO";NA;0;2019;2;"D6"
"CETE";474,197670771246;0;2019;2;"E1"
"HOMA";8,58664551511756;170;2019;2;"E1"
"LEMA";39,6058841772842;20;2019;2;"E1"
"PUPA";442,003791130264;0;2019;2;"E1"
"CETE";474,291670771246;0;2019;2;"E2"
"HOMA";9,13701441920356;270;2019;2;"E2"
"LEMA";32,4202980762175;30;2019;2;"E2"
"PAIN";0,425179291325461;35;2019;2;"E2"
"POMA";34,4912638407509;0;2019;2;"E2"
"PUPA";442,003791130264;0;2019;2;"E2"
"SASO";5,40770929727093;0;2019;2;"E2"
"CETE";474,526670771246;0;2019;2;"E3"
"HOMA";9,70422316279687;50;2019;2;"E3"
"LEMA";35,1243372394161;12;2019;2;"E3"
"PAIN";0,474625834360708;5;2019;2;"E3"
"SASO";3,90342578527154;0;2019;2;"E3"
"CETE";474,056670771246;0;2019;2;"E4"
"HOMA";10,1152586195486;40;2019;2;"E4"
"LEMA";37,177459192861;20;2019;2;"E4"
"PAIN";0,491308325609277;5;2019;2;"E4"
"SASO";5,0996388535625;0;2019;2;"E4"
"CETE";473,821670771246;0;2019;2;"E5"
"HOMA";9,19654829659481;80;2019;2;"E5"
"SASO";9,25219486171165;0;2019;2;"E5"
"CETE";473,774670771246;4;2019;2;"E6"
"HOMA";8,94606877738231;200;2019;2;"E6"
"PUPA";441,739791130264;0;2019;2;"E6"
"SASO";8,01800294677418;3;2019;2;"E6"
"CETE";474,620670771246;0;2019;2;"F1"
"HOMA";9,6636095853248;220;2019;2;"F1"
"LEMA";39,5718591821182;20;2019;2;"F1"
"PUPA";441,739791130264;0;2019;2;"F1"
"CETE";474,291670771246;0;2019;2;"F2"
"HOMA";9,34844368762832;50;2019;2;"F2"
"LEMA";38,5353516399273;10;2019;2;"F2"
"PUPA";441,563791130264;0;2019;2;"F2"
"SASO";4,44087131762008;0;2019;2;"F2"
"CETE";474,338670771246;0;2019;2;"F3"
"HOMA";9,84603185901962;240;2019;2;"F3"
"LEMA";43,3461417531632;35;2019;2;"F3"
"SASO";4,4828787994725;0;2019;2;"F3"
"BEMA";15,2440061382195;0;2019;2;"F5"
"CETE";474,009670771246;7;2019;2;"F5"
"HOMA";8,25717102484772;300;2019;2;"F5"
"PUPA";441,915791130264;0;2019;2;"F5"
"SASO";5,1814949731779;0;2019;2;"F5"
"CETE";475,043670771246;0;2019;2;"F6"
"HOMA";8,81292176266586;290;2019;2;"F6"
"LEMA";29,44969508184;20;2019;2;"F6"
"PAIN";2,01473188595149;30;2019;2;"F6"
"PUPA";442,971791130264;4;2019;2;"F6"
"SASO";3,52181816010842;0;2019;2;"F6"
"CETE";473,727670771246;0;2019;3;"A1"
"HOMA";7,18188436084888;380;2019;3;"A1"
"LEMA";33,7266841282134;2;2019;3;"A1"
"POMA";40,3640324304161;0;2019;3;"A1"
"PUPA";442,003791130264;0;2019;3;"A1"
"SASO";7,85404286462843;0;2019;3;"A1"
"CETE";474,056670771246;0;2019;3;"A2"
"HOMA";7,30335386446335;300;2019;3;"A2"
"LEMA";23,7892895676295;8;2019;3;"A2"
"POMA";29,854189860629;0;2019;3;"A2"
"PUPA";442,355791130264;0;2019;3;"A2"
"SASO";4,94278202098007;0;2019;3;"A2"
"CETE";474,291670771246;0;2019;3;"A3"
"HOMA";7,12956850033855;350;2019;3;"A3"
"LEMA";22,3693236865682;14;2019;3;"A3"
"POMA";26,7970724895485;0;2019;3;"A3"
"PUPA";443,675791130264;0;2019;3;"A3"
"SASO";5,02990935399096;0;2019;3;"A3"
"BEMA";16,5674135744012;0;2019;3;"A4"
"CETE";474,009670771246;0;2019;3;"A4"
"HOMA";5,63326812852494;300;2019;3;"A4"
"LEMA";19,274388847239;25;2019;3;"A4"
"POMA";22,2547146636307;0;2019;3;"A4"
"PUPA";444,115791130264;0;2019;3;"A4"
"SASO";8,37606621650998;4;2019;3;"A4"
"BEMA";15,963221088444;0;2019;3;"A6"
"CETE";473,868670771246;0;2019;3;"A6"
"HOMA";7,00983868535628;220;2019;3;"A6"
"LEMA";23,3103346946083;10;2019;3;"A6"
"POMA";24,4660728584788;0;2019;3;"A6"
"PUPA";441,563791130264;0;2019;3;"A6"
"SASO";5,43852389127077;1;2019;3;"A6"
"CETE";473,915670771246;0;2019;3;"B1"
"HOMA";7,68980461340795;370;2019;3;"B1"
"LEMA";20,4772817944877;6;2019;3;"B1"
"POMA";26,7432576818762;0;2019;3;"B1"
"PUPA";442,531791130264;0;2019;3;"B1"
"SASO";5,63955135123955;0;2019;3;"B1"
"HOMA";8,05274906894474;300;2019;3;"B2"
"LEMA";24,2284658756104;10;2019;3;"B2"
"POMA";32,4773577748955;0;2019;3;"B2"
"PUPA";442,003791130264;0;2019;3;"B2"
"SASO";11,5027692453012;1;2019;3;"B2"
"CETE";473,680670771246;0;2019;3;"B3"
"HOMA";8,15544753837688;300;2019;3;"B3"
"LEMA";22,8003714132307;11;2019;3;"B3"
"POMA";31,9486417921523;0;2019;3;"B3"
"PUPA";441,739791130264;0;2019;3;"B3"
"SASO";8,58966584524336;0;2019;3;"B3"
"CETE";474,291670771246;0;2019;3;"B4"
"HOMA";8,11596750180326;200;2019;3;"B4"
"LEMA";29,4870003562717;15;2019;3;"B4"
"PUPA";442,091791130264;0;2019;3;"B4"
"SASO";5,13164114295921;3;2019;3;"B4"
"CETE";474,197670771246;0;2019;3;"B5"
"HOMA";7,38421849504132;220;2019;3;"B5"
"LEMA";23,8109032333813;20;2019;3;"B5"
"POMA";29,1432069309552;0;2019;3;"B5"
"PUPA";443,763791130264;1;2019;3;"B5"
"SASO";4,73596835645382;0;2019;3;"B5"
"HOMA";8,3486521519355;190;2019;3;"B6"
"LEMA";38,0237457344877;20;2019;3;"B6"
"PUPA";441,739791130264;0;2019;3;"B6"
"SASO";10,6025637721799;5;2019;3;"B6"
"CETE";474,808670771246;0;2019;3;"C1"
"HOMA";8,01518702893608;320;2019;3;"C1"
"LEMA";24,0765471521063;7;2019;3;"C1"
"POMA";26,7010581009414;0;2019;3;"C1"
"PUPA";442,267791130264;0;2019;3;"C1"
"SASO";3,31049529908721;0;2019;3;"C1"
"CETE";474,526670771246;0;2019;3;"C2"
"HOMA";8,34948938927519;350;2019;3;"C2"
"LEMA";34,116848953124;14;2019;3;"C2"
"PUPA";441,827791130264;0;2019;3;"C2"
"SASO";3,69929456574032;0;2019;3;"C2"
"CETE";474,573670771246;0;2019;3;"C3"
"HOMA";8,16444496232427;320;2019;3;"C3"
"LEMA";28,6019896977881;5;2019;3;"C3"
"PAIN";2,41923934116423;40;2019;3;"C3"
"PUPA";442,003791130264;0;2019;3;"C3"
"SASO";5,93174427299963;0;2019;3;"C3"
"CETE";475,043670771246;0;2019;3;"C4"
"HOMA";8,19417971876789;350;2019;3;"C4"
"LEMA";23,9008649516129;9;2019;3;"C4"
"PAIN";0,409856157566827;50;2019;3;"C4"
"POMA";25,1934966273947;0;2019;3;"C4"
"PUPA";442,267791130264;0;2019;3;"C4"
"CETE";474,197670771246;0;2019;3;"C5"
"HOMA";8,17300917780355;250;2019;3;"C5"
"LEMA";19,6249466123131;8;2019;3;"C5"
"PAIN";1,61177147801648;45;2019;3;"C5"
"POMA";24,9160036142126;0;2019;3;"C5"
"PUPA";442,003791130264;0;2019;3;"C5"
"SASO";4,39431653165245;0;2019;3;"C5"
"CETE";474,056670771246;0;2019;3;"C6"
"HOMA";8,5980741251303;300;2019;3;"C6"
"LEMA";40,5231224628189;30;2019;3;"C6"
"PUPA";441,651791130264;0;2019;3;"C6"
"SASO";4,93967746435425;2;2019;3;"C6"
"CETE";473,727670771246;0;2019;3;"D1"
"HOMA";7,48267022076663;380;2019;3;"D1"
"LEMA";30,8665535905088;4;2019;3;"D1"
"POMA";38,716352138573;0;2019;3;"D1"
"PUPA";441,739791130264;0;2019;3;"D1"
"SASO";15,7570832330498;0;2019;3;"D1"
"HOMA";7,65415454575814;350;2019;3;"D2"
"LEMA";32,0773973113986;2;2019;3;"D2"
"PUPA";442,179791130264;0;2019;3;"D2"
"SASO";12,2501211600036;0;2019;3;"D2"
"BEMA";16,3453690350799;0;2019;3;"D3"
"CETE";475,043670771246;0;2019;3;"D3"
"HOMA";6,48415549889144;300;2019;3;"D3"
"LEMA";23,2983197053368;8;2019;3;"D3"
"POMA";21,3179408109451;0;2019;3;"D3"
"PUPA";442,003791130264;0;2019;3;"D3"
"SASO";3,4818743282825;0;2019;3;"D3"
"CETE";473,821670771246;0;2019;3;"D4"
"HOMA";7,3298151424504;350;2019;3;"D4"
"LEMA";27,2449863551246;10;2019;3;"D4"
"POMA";32,1597242132695;0;2019;3;"D4"
"PUPA";442,003791130264;0;2019;3;"D4"
"SASO";6,3651297326474;0;2019;3;"D4"
"CETE";473,915670771246;0;2019;3;"D5"
"HOMA";8,70265484072743;300;2019;3;"D5"
"LEMA";37,5492745833501;15;2019;3;"D5"
"SASO";5,65139309731218;2;2019;3;"D5"
"HOMA";8,02915549132047;350;2019;3;"D6"
"LEMA";26,3283855267296;25;2019;3;"D6"
"POMA";34,8992433216392;0;2019;3;"D6"
"PUPA";441,563791130264;0;2019;3;"D6"
"SASO";14,387964033185;2;2019;3;"D6"
"HOMA";7,50544724452353;380;2019;3;"E1"
"LEMA";29,597152299401;3;2019;3;"E1"
"POMA";37,5528344234878;0;2019;3;"E1"
"PUPA";442,003791130264;0;2019;3;"E1"
"SASO";17,7795439838833;0;2019;3;"E1"
"HOMA";7,53316961212288;380;2019;3;"E2"
"LEMA";27,6069364621055;17;2019;3;"E2"
"POMA";35,7423140780011;0;2019;3;"E2"
"PUPA";442,267791130264;0;2019;3;"E2"
"HOMA";8,05614992140741;390;2019;3;"E3"
"LEMA";33,8961361601576;14;2019;3;"E3"
"POMA";40,5639791403088;0;2019;3;"E3"
"PUPA";441,563791130264;0;2019;3;"E3"
"SASO";16,3896481578725;0;2019;3;"E3"
"HOMA";7,08716131015282;370;2019;3;"E4"
"LEMA";33,547546063885;20;2019;3;"E4"
"PAIN";0,460143203990798;80;2019;3;"E4"
"POMA";44,1652403210334;0;2019;3;"E4"
"PUPA";441,739791130264;0;2019;3;"E4"
"SASO";11,5966984640614;0;2019;3;"E4"
"BEMA";16,6881319394039;0;2019;3;"E5"
"HOMA";5,83822564375421;400;2019;3;"E5"
"LEMA";23,9366862051606;25;2019;3;"E5"
"PAIN";0,413804774465541;90;2019;3;"E5"
"POMA";28,035293063325;2;2019;3;"E5"
"PUPA";442,443791130264;0;2019;3;"E5"
"SASO";11,6763461393252;0;2019;3;"E5"
"BEMA";16,0521421372388;0;2019;3;"E6"
"HOMA";7,20709938628857;390;2019;3;"E6"
"LEMA";44,9596626205301;25;2019;3;"E6"
"PUPA";441,827791130264;0;2019;3;"E6"
"SASO";10,3319634535679;3;2019;3;"E6"
"HOMA";7,79345151043478;400;2019;3;"F1"
"LEMA";29,9616832245694;12;2019;3;"F1"
"POMA";37,5547161508416;0;2019;3;"F1"
"PUPA";442,003791130264;0;2019;3;"F1"
"SASO";17,7390559398713;0;2019;3;"F1"
"HOMA";8,55371376196236;390;2019;3;"F2"
"LEMA";37,3985170751146;20;2019;3;"F2"
"PAIN";0,474892987327434;90;2019;3;"F2"
"PUPA";441,651791130264;0;2019;3;"F2"
"SASO";12,5822943544327;0;2019;3;"F2"
"BEMA";15,3820247366106;0;2019;3;"F3"
"HOMA";6,79897666843727;390;2019;3;"F3"
"LEMA";32,2082975859574;15;2019;3;"F3"
"POMA";26,9691701522391;0;2019;3;"F3"
"PUPA";442,443791130264;0;2019;3;"F3"
"SASO";10,5830113468546;0;2019;3;"F3"
"HOMA";7,1630659386542;350;2019;3;"F4"
"LEMA";31,4445893983302;30;2019;3;"F4"
"PAIN";0,829884537682356;80;2019;3;"F4"
"POMA";41,243402717798;0;2019;3;"F4"
"PUPA";442,091791130264;0;2019;3;"F4"
"SASO";10,6231299212298;1;2019;3;"F4"
"HOMA";7,92032360616224;360;2019;3;"F5"
"LEMA";23,4587569395938;40;2019;3;"F5"
"POMA";32,0646951405408;0;2019;3;"F5"
"PUPA";443,499791130264;0;2019;3;"F5"
"SASO";21,9380710063883;0;2019;3;"F5"
"HOMA";7,36533098223515;340;2019;3;"F6"
"LEMA";29,9605774913684;30;2019;3;"F6"
"POMA";35,9444360296785;0;2019;3;"F6"
"PUPA";444,995791130264;0;2019;3;"F6"
"SASO";17,7520402280117;2;2019;3;"F6"
"HOMA";NA;350;2019;4;"A1"
"SASO";NA;0;2019;4;"A1"
"HOMA";21,5046743377308;360;2019;4;"A2"
"PUPA";441,563791130264;2;2019;4;"A2"
"SASO";14,545872215947;0;2019;4;"A2"
"HOMA";NA;350;2019;4;"A3"
"SASO";NA;0;2019;4;"A3"
"HOMA";11,321767749329;360;2019;4;"A4"
"PUPA";441,739791130264;0;2019;4;"A4"
"SASO";18,442320285444;0;2019;4;"A4"
"HOMA";NA;390;2019;4;"A5"
"SASO";NA;0;2019;4;"A5"
"HOMA";NA;400;2019;4;"A6"
"SASO";NA;0;2019;4;"A6"
"HOMA";7,51699870683814;400;2019;4;"B1"
"PUPA";442,355791130264;0;2019;4;"B1"
"SASO";25,8274272478579;0;2019;4;"B1"
"HOMA";NA;200;2019;4;"B2"
"SASO";NA;0;2019;4;"B2"
"HOMA";NA;350;2019;4;"B3"
"SASO";NA;0;2019;4;"B3"
"HOMA";NA;300;2019;4;"B4"
"SASO";NA;1;2019;4;"B4"
"HOMA";NA;350;2019;4;"B5"
"SASO";NA;0;2019;4;"B5"
"HOMA";NA;400;2019;4;"B6"
"SASO";NA;0;2019;4;"B6"
"HOMA";12,9121064490402;380;2019;4;"C1"
"POMA";80,6198918940748;21;2019;4;"C1"
"SASO";17,0878684160742;0;2019;4;"C1"
"HOMA";NA;320;2019;4;"C2"
"SASO";NA;0;2019;4;"C2"
"HOMA";NA;400;2019;4;"C5"
"SASO";NA;0;2019;4;"C5"
"HOMA";NA;400;2019;4;"C6"
"SASO";NA;0;2019;4;"C6"
"HOMA";NA;200;2019;4;"D1"
"SASO";NA;0;2019;4;"D1"
"HOMA";NA;370;2019;4;"D2"
"SASO";NA;0;2019;4;"D2"
"HOMA";NA;350;2019;4;"D4"
"SASO";NA;0;2019;4;"D4"
"HOMA";NA;400;2019;4;"D5"
"SASO";NA;0;2019;4;"D5"
"HOMA";NA;400;2019;4;"D6"
"SASO";NA;0;2019;4;"D6"
"HOMA";NA;220;2019;4;"E1"
"PUPA";NA;0;2019;4;"E1"
"HOMA";NA;350;2019;4;"E2"
"SASO";NA;0;2019;4;"E2"
"HOMA";NA;360;2019;4;"E3"
"SASO";NA;0;2019;4;"E3"
"HOMA";9,11494721796547;380;2019;4;"E4"
"PAIN";1,09762886182919;30;2019;4;"E4"
"SASO";26,1428546946158;0;2019;4;"E4"
"HOMA";NA;350;2019;4;"E5"
"SASO";NA;0;2019;4;"E5"
"HOMA";16,5739317145754;250;2019;4;"F1"
"LYTR";104,010133927565;0;2019;4;"F1"
"PUPA";441,563791130264;0;2019;4;"F1"
"SASO";33,1499537490366;0;2019;4;"F1"
"HOMA";9,74729382298651;360;2019;4;"F4"
"PUPA";441,739791130264;0;2019;4;"F4"
"SASO";26,4185393575232;0;2019;4;"F4"
"HOMA";NA;400;2019;4;"F5"
"SASO";NA;0;2019;4;"F5"
"HOMA";NA;400;2019;4;"F6"
"SASO";NA;0;2019;4;"F6"
"HOMA";NA;380;2019;5;"A1"
"SASO";NA;0;2019;5;"A1"
"HOMA";14,476681658211;380;2019;5;"A2"
"PUPA";441,563791130264;0;2019;5;"A2"
"SASO";15,9948799126051;1;2019;5;"A2"
"HOMA";NA;350;2019;5;"A3"
"SASO";NA;0;2019;5;"A3"
"HOMA";26,6278193592414;300;2019;5;"A4"
"PUPA";441,563791130264;0;2019;5;"A4"
"SASO";17,6016671597197;1;2019;5;"A4"
"HOMA";7,80340428041038;400;2019;5;"A5"
"POMA";52,1443773974223;7;2019;5;"A5"
"PUPA";442,531791130264;0;2019;5;"A5"
"SASO";10,1876530536229;3;2019;5;"A5"
"HOMA";NA;350;2019;5;"A6"
"PUPA";NA;0;2019;5;"A6"
"HOMA";14,476681658211;350;2019;5;"B1"
"PUPA";441,563791130264;0;2019;5;"B1"
"SASO";20,5281072019594;0;2019;5;"B1"
"HOMA";NA;250;2019;5;"B2"
"SASO";NA;1;2019;5;"B2"
"HOMA";7,94205839665876;300;2019;5;"B3"
"PUPA";441,739791130264;0;2019;5;"B3"
"SASO";13,7745888457726;0;2019;5;"B3"
"HOMA";8,30740709555937;400;2019;5;"B4"
"PUPA";441,563791130264;0;2019;5;"B4"
"SASO";11,3234304558846;0;2019;5;"B4"
"HOMA";8,81170590142265;400;2019;5;"B5"
"PUPA";441,563791130264;0;2019;5;"B5"
"SASO";10,4785013174812;2;2019;5;"B5"
"HOMA";8,21121584869755;400;2019;5;"B6"
"PUPA";441,739791130264;0;2019;5;"B6"
"SASO";10,5076077800476;1;2019;5;"B6"
"HOMA";NA;380;2019;5;"C1"
"SASO";NA;0;2019;5;"C1"
"HOMA";NA;350;2019;5;"C2"
"SASO";NA;0;2019;5;"C2"
"BEMA";17,8084148167635;0;2019;5;"C3"
"HOMA";7,08730441967578;350;2019;5;"C3"
"PUPA";441,563791130264;0;2019;5;"C3"
"SASO";11,0024276132701;0;2019;5;"C3"
"BEMA";16,2428114035132;0;2019;5;"C4"
"HOMA";7,31619888887268;380;2019;5;"C4"
"PUPA";441,563791130264;0;2019;5;"C4"
"SASO";22,4458499751657;0;2019;5;"C4"
"HOMA";8,27093316492852;380;2019;5;"C5"
"PUPA";441,563791130264;0;2019;5;"C5"
"SASO";10,3116873609002;0;2019;5;"C5"
"HOMA";NA;400;2019;5;"C6"
"SASO";NA;3;2019;5;"C6"
"HOMA";NA;250;2019;5;"D1"
"SASO";NA;0;2019;5;"D1"
"HOMA";NA;300;2019;5;"D2"
"SASO";NA;0;2019;5;"D2"
"HOMA";NA;350;2019;5;"D3"
"SASO";NA;0;2019;5;"D3"
"HOMA";NA;380;2019;5;"D4"
"SASO";NA;0;2019;5;"D4"
"HOMA";8,27135972361955;380;2019;5;"D5"
"PUPA";441,563791130264;0;2019;5;"D5"
"SASO";10,2552799339202;0;2019;5;"D5"
"HOMA";NA;350;2019;5;"D6"
"SASO";NA;0;2019;5;"D6"
"HOMA";NA;250;2019;5;"E1"
"SASO";NA;0;2019;5;"E1"
"HOMA";NA;300;2019;5;"E2"
"SASO";NA;0;2019;5;"E2"
"HOMA";NA;350;2019;5;"E3"
"SASO";NA;0;2019;5;"E3"
"HOMA";NA;380;2019;5;"E4"
"SASO";NA;0;2019;5;"E4"
"HOMA";NA;350;2019;5;"E5"
"SASO";NA;0;2019;5;"E5"
"HOMA";NA;400;2019;5;"E6"
"SASO";NA;0;2019;5;"E6"
"HOMA";NA;300;2019;5;"F1"
"SASO";NA;0;2019;5;"F1"
"HOMA";NA;300;2019;5;"F2"
"SASO";NA;0;2019;5;"F2"
"HOMA";NA;250;2019;5;"F3"
"SASO";NA;0;2019;5;"F3"
"HOMA";NA;200;2019;5;"F4"
"SASO";NA;0;2019;5;"F4"
"HOMA";NA;350;2019;5;"F5"
"SASO";NA;0;2019;5;"F5"
"HOMA";8,09140087401217;370;2019;5;"F6"
"POMA";51,8646763327316;0;2019;5;"F6"
"PUPA";441,739791130264;0;2019;5;"F6"
"SASO";10,1688327153189;0;2019;5;"F6"
"HOMA";NA;380;2019;6;"A1"
"SASO";NA;0;2019;6;"A1"
"HOMA";8,08154953051852;400;2019;6;"A2"
"PUPA";441,651791130264;0;2019;6;"A2"
"SASO";13,1655374530177;0;2019;6;"A2"
"HOMA";7,89352958921767;400;2019;6;"A3"
"PUPA";441,915791130264;0;2019;6;"A3"
"SASO";22,1352820787374;0;2019;6;"A3"
"HOMA";8,55198298501692;390;2019;6;"A5"
"PAIN";0,757011084094698;10;2019;6;"A5"
"SASO";25,6966630738446;0;2019;6;"A5"
"HOMA";NA;400;2019;6;"A6"
"SASO";NA;0;2019;6;"A6"
"HOMA";NA;380;2019;6;"B2"
"SASO";NA;0;2019;6;"B2"
"HOMA";NA;390;2019;6;"B3"
"SASO";NA;0;2019;6;"B3"
"HOMA";NA;370;2019;6;"B4"
"SASO";NA;0;2019;6;"B4"
"HOMA";NA;360;2019;6;"B5"
"POMA";NA;0;2019;6;"B5"
"HOMA";NA;380;2019;6;"C2"
"SASO";NA;0;2019;6;"C2"
"HOMA";NA;360;2019;6;"C3"
"SASO";NA;0;2019;6;"C3"
"HOMA";NA;350;2019;6;"C4"
"PUPA";NA;0;2019;6;"C4"
"HOMA";NA;360;2019;6;"C5"
"SASO";NA;0;2019;6;"C5"
"HOMA";NA;300;2019;6;"D1"
"SASO";NA;0;2019;6;"D1"
"HOMA";NA;320;2019;6;"D2"
"SASO";NA;0;2019;6;"D2"
"HOMA";NA;250;2019;6;"D3"
"SASO";NA;0;2019;6;"D3"
"HOMA";NA;250;2019;6;"E1"
"SASO";NA;0;2019;6;"E1"
"HOMA";NA;250;2019;6;"E2"
"SASO";NA;0;2019;6;"E2"
"HOMA";NA;350;2019;6;"E3"
"SASO";NA;0;2019;6;"E3"
"HOMA";NA;370;2019;6;"E4"
"SASO";NA;0;2019;6;"E4"
"HOMA";NA;250;2019;6;"F1"
"SASO";NA;0;2019;6;"F1"
"HOMA";NA;300;2019;6;"F2"
"SASO";NA;0;2019;6;"F2"
"HOMA";NA;350;2019;6;"F3"
"SASO";NA;0;2019;6;"F3"
"HOMA";NA;300;2019;6;"F5"
"SASO";NA;0;2019;6;"F5"
