"year";"plot";"sp";"rel.abund";"sp.rank";"SAD.model"
2015;1;"HOMA";0,194939718118526;1;"observed"
2015;1;"PLCO";0,190015282730515;2;"observed"
2015;1;"POMA";0,185260655459331;3;"observed"
2015;1;"SASO";0,108847002886738;4;"observed"
2015;1;"LEMA";0,0908473425029716;5;"observed"
2015;1;"CHFU";0,0896586856851758;6;"observed"
2015;1;"PAIN";0,043640686024792;7;"observed"
2015;1;"POMO";0,0332823908982849;8;"observed"
2015;1;"CETE";0,0300560366785532;9;"observed"
2015;1;"SOAS";0,0120563762947869;10;"observed"
2015;1;"MESU";0,00679232467311938;11;"observed"
2015;1;"BEMA";0,00475462727118356;12;"observed"
2015;1;"SCLA";0,00475462727118356;13;"observed"
2015;1;"PUPA";0,00373577857021566;14;"observed"
2015;1;"MEEL";0,00101884870096791;15;"observed"
2015;1;"SPRU";0,000339616233655969;16;"observed"
2015;2;"HOMA";0,211326979472141;1;"observed"
2015;2;"PLCO";0,176319648093842;2;"observed"
2015;2;"POMA";0,167888563049853;3;"observed"
2015;2;"LEMA";0,129032258064516;4;"observed"
2015;2;"CETE";0,0982404692082111;5;"observed"
2015;2;"CHFU";0,062133431085044;6;"observed"
2015;2;"PAIN";0,0331744868035191;7;"observed"
2015;2;"MESU";0,0254765395894428;8;"observed"
2015;2;"SOAS";0,0238269794721408;9;"observed"
2015;2;"POMO";0,0214442815249267;10;"observed"
2015;2;"SASO";0,0168621700879765;11;"observed"
2015;2;"SCLA";0,0157624633431085;12;"observed"
2015;2;"PUPA";0,00733137829912024;13;"observed"
2015;2;"BEMA";0,00476539589442815;14;"observed"
2015;2;"MEEL";0,00458211143695015;15;"observed"
2015;2;"SPRU";0,00183284457478006;16;"observed"
2015;3;"LEMA";0,275156576200418;1;"observed"
2015;3;"POMA";0,25553235908142;2;"observed"
2015;3;"MESU";0,0989561586638831;3;"observed"
2015;3;"CHFU";0,0910229645093946;4;"observed"
2015;3;"PAIN";0,0835073068893528;5;"observed"
2015;3;"SASO";0,0755741127348643;6;"observed"
2015;3;"CETE";0,0705636743215031;7;"observed"
2015;3;"POMO";0,0250521920668058;8;"observed"
2015;3;"SOAS";0,0104384133611691;9;"observed"
2015;3;"PUPA";0,00918580375782881;10;"observed"
2015;3;"MEPO";0,0045929018789144;11;"observed"
2015;3;"MEEL";0,000417536534446764;12;"observed"
2015;4;"HOMA";0,242023474954538;1;"observed"
2015;4;"CHFU";0,149115556290296;2;"observed"
2015;4;"CHMI";0,145809224665234;3;"observed"
2015;4;"POMA";0,0935691849892544;4;"observed"
2015;4;"SCLA";0,0833195569515622;5;"observed"
2015;4;"PLCO";0,0743924615638949;6;"observed"
2015;4;"SASO";0,0522400396759795;7;"observed"
2015;4;"LEMA";0,0444701603570838;8;"observed"
2015;4;"PAIN";0,0333939494131261;9;"observed"
2015;4;"MEEL";0,018184823937841;10;"observed"
2015;4;"CETE";0,0135559596627542;11;"observed"
2015;4;"LYTR";0,0135559596627542;12;"observed"
2015;4;"POMO";0,00727392957513639;13;"observed"
2015;4;"COSQ";0,00628203008761779;14;"observed"
2015;4;"BEMA";0,00578608034385849;15;"observed"
2015;4;"MEPO";0,00529013060009919;16;"observed"
2015;4;"MESU";0,00446354769383369;17;"observed"
2015;4;"SPRU";0,00363696478756819;18;"observed"
2015;4;"PUPA";0,00281038188130269;19;"observed"
2015;4;"SUSP";0,000495949743759299;20;"observed"
2015;4;"SOAS";0,000330633162506199;21;"observed"
2015;5;"HOMA";0,477643953143046;1;"observed"
2015;5;"CHFU";0,17851839630424;2;"observed"
2015;5;"PLCO";0,0679755815871968;3;"observed"
2015;5;"SASO";0,049661771984821;4;"observed"
2015;5;"SCLA";0,0417422867513612;5;"observed"
2015;5;"CETE";0,039432436891602;6;"observed"
2015;5;"LEMA";0,0382775119617225;7;"observed"
2015;5;"POMA";0,0338228015179013;8;"observed"
2015;5;"PAIN";0,0313479623824451;9;"observed"
2015;5;"MEEL";0,0174888632238904;10;"observed"
2015;5;"MESU";0,0089094208876423;11;"observed"
2015;5;"SPRU";0,00395974261672991;12;"observed"
2015;5;"PUPA";0,00362976406533575;13;"observed"
2015;5;"POMO";0,00329978551394159;14;"observed"
2015;5;"BEMA";0,00296980696254743;15;"observed"
2015;5;"SOAS";0,00131991420557664;16;"observed"
2015;6;"PLCO";0,440755783153805;1;"observed"
2015;6;"CHFU";0,34769556772029;2;"observed"
2015;6;"POMA";0,0702807699099417;3;"observed"
2015;6;"SASO";0,0545647183471658;4;"observed"
2015;6;"PAIN";0,0369062334451704;5;"observed"
2015;6;"LEMA";0,0151862970157161;6;"observed"
2015;6;"SPRU";0,0127141091294367;7;"observed"
2015;6;"MEEL";0,011478015186297;8;"observed"
2015;6;"BEMA";0,00512096062157867;9;"observed"
2015;6;"SCLA";0,00176584849019954;10;"observed"
2015;6;"MESU";0,00123609394313968;11;"observed"
2015;6;"SUSP";0,00088292424509977;12;"observed"
2015;6;"CETE";0,000529754547059862;13;"observed"
2015;6;"POMO";0,000529754547059862;14;"observed"
2015;6;"PUPA";0,000176584849019954;15;"observed"
2015;6;"SOAS";0,000176584849019954;16;"observed"
2015;7;"SASO";0,647140864714086;1;"observed"
2015;7;"LYTR";0,256345885634589;2;"observed"
2015;7;"POMA";0,0412831241283124;3;"observed"
2015;7;"RAPE";0,0393305439330544;4;"observed"
2015;7;"HOMA";0,00669456066945607;5;"observed"
2015;7;"FRPU";0,00446304044630404;6;"observed"
2015;7;"SUSP";0,00278940027894003;7;"observed"
2015;7;"COSQ";0,00111576011157601;8;"observed"
2015;7;"POMO";0,000557880055788006;9;"observed"
2015;7;"SPRU";0,000278940027894003;10;"observed"
2015;8;"SASO";0,780376207422471;1;"observed"
2015;8;"LYTR";0,108286731062532;2;"observed"
2015;8;"POMA";0,0462633451957295;3;"observed"
2015;8;"RAPE";0,0208439247585155;4;"observed"
2015;8;"SUSP";0,0152516522623284;5;"observed"
2015;8;"HOMA";0,0137264870360956;6;"observed"
2015;8;"CHFU";0,00610066090493137;7;"observed"
2015;8;"FRPU";0,00355871886120996;8;"observed"
2015;8;"COSQ";0,00305033045246568;9;"observed"
2015;8;"SPRU";0,0025419420437214;10;"observed"
2015;9;"SASO";0,865303983228512;1;"observed"
2015;9;"LYTR";0,0560796645702306;2;"observed"
2015;9;"POMA";0,0387840670859539;3;"observed"
2015;9;"RAPE";0,0188679245283019;4;"observed"
2015;9;"SUSP";0,00628930817610063;5;"observed"
2015;9;"SPRU";0,00524109014675052;6;"observed"
2015;9;"HOMA";0,00419287211740042;7;"observed"
2015;9;"COSQ";0,00314465408805031;8;"observed"
2015;9;"FRPU";0,00209643605870021;9;"observed"
2016;1;"HOMA";0,495071542130366;1;"observed"
2016;1;"LEMA";0,338632750397456;2;"observed"
2016;1;"CHFU";0,111923688394277;3;"observed"
2016;1;"BEMA";0,0232114467408585;4;"observed"
2016;1;"SASO";0,0120826709062003;5;"observed"
2016;1;"MESU";0,0041335453100159;6;"observed"
2016;1;"PLCO";0,0041335453100159;7;"observed"
2016;1;"CETE";0,00349761526232114;8;"observed"
2016;1;"PAIN";0,00349761526232114;9;"observed"
2016;1;"SCLA";0,00349761526232114;10;"observed"
2016;1;"MEPO";0,000317965023847377;11;"observed"
2016;2;"HOMA";0,704410256410256;1;"observed"
2016;2;"LEMA";0,176410256410256;2;"observed"
2016;2;"CHFU";0,0592820512820513;3;"observed"
2016;2;"BEMA";0,0182564102564103;4;"observed"
2016;2;"PLCO";0,0145641025641026;5;"observed"
2016;2;"SCLA";0,0114871794871795;6;"observed"
2016;2;"MESU";0,0104615384615385;7;"observed"
2016;2;"CETE";0,00184615384615385;8;"observed"
2016;2;"PAIN";0,00184615384615385;9;"observed"
2016;2;"CHMI";0,00102564102564103;10;"observed"
2016;2;"SASO";0,00041025641025641;11;"observed"
2016;3;"HOMA";0,502364574376612;1;"observed"
2016;3;"CHFU";0,27944969905417;2;"observed"
2016;3;"LEMA";0,155417024935512;3;"observed"
2016;3;"PLCO";0,0255803955288048;4;"observed"
2016;3;"BEMA";0,0206362854686157;5;"observed"
2016;3;"SCLA";0,00494411006018917;6;"observed"
2016;3;"MESU";0,00408426483233018;7;"observed"
2016;3;"COSQ";0,00257953568357696;8;"observed"
2016;3;"CHMI";0,00214961306964746;9;"observed"
2016;3;"PAIN";0,00193465176268272;10;"observed"
2016;3;"CETE";0,000429922613929493;11;"observed"
2016;3;"MEPO";0,000429922613929493;12;"observed"
2016;4;"HOMA";0,472353545734841;1;"observed"
2016;4;"CHMI";0,183761562178828;2;"observed"
2016;4;"CHFU";0,17841726618705;3;"observed"
2016;4;"LEMA";0,0813977389516958;4;"observed"
2016;4;"MEEL";0,0195272353545735;5;"observed"
2016;4;"BEMA";0,0139773895169579;6;"observed"
2016;4;"MESU";0,00945529290853032;7;"observed"
2016;4;"PLCO";0,00945529290853032;8;"observed"
2016;4;"LYTR";0,00842754367934224;9;"observed"
2016;4;"SCLA";0,00822199383350463;10;"observed"
2016;4;"COSQ";0,00637204522096608;11;"observed"
2016;4;"SASO";0,00513874614594039;12;"observed"
2016;4;"CETE";0,00143884892086331;13;"observed"
2016;4;"PAIN";0,00102774922918808;14;"observed"
2016;4;"SPRU";0,00102774922918808;15;"observed"
2016;5;"HOMA";0,644800483675937;1;"observed"
2016;5;"CHFU";0,295949214026602;2;"observed"
2016;5;"LEMA";0,032950423216445;3;"observed"
2016;5;"MESU";0,00967351874244256;4;"observed"
2016;5;"BEMA";0,00725513905683192;5;"observed"
2016;5;"MEEL";0,00423216444981862;6;"observed"
2016;5;"CETE";0,00120918984280532;7;"observed"
2016;5;"SCLA";0,00120918984280532;8;"observed"
2016;5;"LYTR";0,00090689238210399;9;"observed"
2016;5;"PLCO";0,00090689238210399;10;"observed"
2016;5;"MEPO";0,00060459492140266;11;"observed"
2016;5;"SPRU";0,00030229746070133;12;"observed"
2016;6;"CHFU";0,498782138024357;1;"observed"
2016;6;"HOMA";0,293098782138024;2;"observed"
2016;6;"LEMA";0,0682002706359946;3;"observed"
2016;6;"PLCO";0,0549391069012179;4;"observed"
2016;6;"SASO";0,022192151556157;5;"observed"
2016;6;"BEMA";0,0178619756427605;6;"observed"
2016;6;"LYTR";0,0159675236806495;7;"observed"
2016;6;"SCLA";0,0124492557510149;8;"observed"
2016;6;"MEEL";0,00703653585926928;9;"observed"
2016;6;"SPRU";0,00351826792963464;10;"observed"
2016;6;"MESU";0,00216508795669824;11;"observed"
2016;6;"PAIN";0,00216508795669824;12;"observed"
2016;6;"SOAS";0,00081190798376184;13;"observed"
2016;6;"FRPU";0,00054127198917456;14;"observed"
2016;6;"CETE";0,00027063599458728;15;"observed"
2016;7;"BEMA";0,219336219336219;1;"observed"
2016;7;"LYTR";0,215007215007215;2;"observed"
2016;7;"SASO";0,172438672438672;3;"observed"
2016;7;"POMA";0,12987012987013;4;"observed"
2016;7;"PUPA";0,0670995670995671;5;"observed"
2016;7;"CHFU";0,0613275613275613;6;"observed"
2016;7;"HOMA";0,0461760461760462;7;"observed"
2016;7;"MESU";0,0324675324675325;8;"observed"
2016;7;"LEMA";0,0187590187590188;9;"observed"
2016;7;"SOAS";0,0137085137085137;10;"observed"
2016;7;"SCLA";0,0101010101010101;11;"observed"
2016;7;"PAIN";0,00360750360750361;12;"observed"
2016;7;"COSQ";0,00216450216450216;13;"observed"
2016;7;"FRPU";0,00216450216450216;14;"observed"
2016;7;"POMO";0,00216450216450216;15;"observed"
2016;7;"CETE";0,00144300144300144;16;"observed"
2016;7;"SPRU";0,00144300144300144;17;"observed"
2016;7;"MEPO";0,000721500721500722;18;"observed"
2016;8;"POMA";0,24442538593482;1;"observed"
2016;8;"BEMA";0,169811320754717;2;"observed"
2016;8;"HOMA";0,13893653516295;3;"observed"
2016;8;"MESU";0,102058319039451;4;"observed"
2016;8;"PUPA";0,0926243567753002;5;"observed"
2016;8;"CHFU";0,0737564322469983;6;"observed"
2016;8;"SASO";0,0643224699828473;7;"observed"
2016;8;"LYTR";0,0420240137221269;8;"observed"
2016;8;"COSQ";0,023156089193825;9;"observed"
2016;8;"FRPU";0,0214408233276158;10;"observed"
2016;8;"PAIN";0,0128644939965695;11;"observed"
2016;8;"MEPO";0,00686106346483705;12;"observed"
2016;8;"SOAS";0,00257289879931389;13;"observed"
2016;8;"SCLA";0,00171526586620926;14;"observed"
2016;8;"LEMA";0,000857632933104631;15;"observed"
2016;8;"PLCO";0,000857632933104631;16;"observed"
2016;8;"POMO";0,000857632933104631;17;"observed"
2016;8;"SPRU";0,000857632933104631;18;"observed"
2016;9;"BEMA";0,294896030245747;1;"observed"
2016;9;"POMA";0,23062381852552;2;"observed"
2016;9;"HOMA";0,0860113421550095;3;"observed"
2016;9;"MESU";0,0765595463137996;4;"observed"
2016;9;"SPRU";0,0765595463137996;5;"observed"
2016;9;"PLCO";0,0586011342155009;6;"observed"
2016;9;"SCLA";0,0283553875236295;7;"observed"
2016;9;"SASO";0,0274102079395085;8;"observed"
2016;9;"SUSP";0,0245746691871456;9;"observed"
2016;9;"LYTR";0,0226843100189036;10;"observed"
2016;9;"POMO";0,0207939508506616;11;"observed"
2016;9;"LEMA";0,0151228733459357;12;"observed"
2016;9;"PAIN";0,0151228733459357;13;"observed"
2016;9;"SOAS";0,0151228733459357;14;"observed"
2016;9;"FRPU";0,00472589792060491;15;"observed"
2016;9;"MEPO";0,00189035916824197;16;"observed"
2016;9;"CETE";0,000945179584120983;17;"observed"
2017;1;"HOMA";0,558867723328971;1;"observed"
2017;1;"LEMA";0,308952547137802;2;"observed"
2017;1;"PAIN";0,0528331152149678;3;"observed"
2017;1;"CHFU";0,0282584460278222;4;"observed"
2017;1;"POMA";0,0203092433716252;5;"observed"
2017;1;"PUPA";0,0122146284717173;6;"observed"
2017;1;"CETE";0,0104696815471863;7;"observed"
2017;1;"POMO";0,00324754010954389;8;"observed"
2017;1;"CHMI";0,00315059861373661;9;"observed"
2017;1;"SASO";0,00130871019339828;10;"observed"
2017;1;"BEMA";0,000242353739518201;11;"observed"
2017;1;"MESU";4,84707479036402e-05;12;"observed"
2017;1;"PLCO";4,84707479036402e-05;13;"observed"
2017;1;"SCLA";4,84707479036402e-05;14;"observed"
2017;2;"HOMA";0,634920634920635;1;"observed"
2017;2;"LEMA";0,23005148005148;2;"observed"
2017;2;"PUPA";0,0370549120549121;3;"observed"
2017;2;"PAIN";0,037001287001287;4;"observed"
2017;2;"CETE";0,026008151008151;5;"observed"
2017;2;"POMA";0,0202702702702703;6;"observed"
2017;2;"CHFU";0,00707850707850708;7;"observed"
2017;2;"SCLA";0,00284212784212784;8;"observed"
2017;2;"MESU";0,00176962676962677;9;"observed"
2017;2;"SASO";0,00155512655512656;10;"observed"
2017;2;"CHMI";0,00058987558987559;11;"observed"
2017;2;"BEMA";0,000482625482625483;12;"observed"
2017;2;"POMO";0,000268125268125268;13;"observed"
2017;2;"MEEL";0,000107250107250107;14;"observed"
2017;3;"LEMA";0,389343782898585;1;"observed"
2017;3;"HOMA";0,335126915428705;2;"observed"
2017;3;"CHFU";0,0848052403789917;3;"observed"
2017;3;"POMA";0,0456778570593052;4;"observed"
2017;3;"SASO";0,040706515381916;5;"observed"
2017;3;"PUPA";0,0392443560650368;6;"observed"
2017;3;"PAIN";0,0288337817288572;7;"observed"
2017;3;"CETE";0,0146800795414668;8;"observed"
2017;3;"PLCO";0,00994268335477834;9;"observed"
2017;3;"CHMI";0,007720201193122;10;"observed"
2017;3;"SCLA";0,00181307755293017;11;"observed"
2017;3;"BEMA";0,00111124108082817;12;"observed"
2017;3;"POMO";0,0008772955901275;13;"observed"
2017;3;"MESU";0,000116972745350333;14;"observed"
2017;4;"HOMA";0,765601721569277;1;"observed"
2017;4;"POMA";0,0906306902830657;2;"observed"
2017;4;"LEMA";0,0865750703525906;3;"observed"
2017;4;"PLCO";0,0267339844396623;4;"observed"
2017;4;"PUPA";0,0144843568945539;5;"observed"
2017;4;"PAIN";0,00761463333885118;6;"observed"
2017;4;"SPRU";0,00322794239364344;7;"observed"
2017;4;"CHFU";0,00281410362522761;8;"observed"
2017;4;"SASO";0,00148981956629697;9;"observed"
2017;4;"LYTR";0,00066214202946532;10;"observed"
2017;4;"POMO";0,00016553550736633;11;"observed"
2017;5;"HOMA";0,66238038277512;1;"observed"
2017;5;"LEMA";0,196695574162679;2;"observed"
2017;5;"POMA";0,0739383971291866;3;"observed"
2017;5;"SASO";0,01876495215311;4;"observed"
2017;5;"PAIN";0,0186154306220096;5;"observed"
2017;5;"PUPA";0,00814892344497608;6;"observed"
2017;5;"CETE";0,00784988038277512;7;"observed"
2017;5;"CHFU";0,00770035885167464;8;"observed"
2017;5;"PLCO";0,00463516746411483;9;"observed"
2017;5;"SPRU";0,00104665071770335;10;"observed"
2017;5;"BEMA";0,000149521531100478;11;"observed"
2017;5;"LYTR";7,47607655502392e-05;12;"observed"
2017;6;"HOMA";0,553462764416111;1;"observed"
2017;6;"PLCO";0,180720564087704;2;"observed"
2017;6;"POMA";0,134646962233169;3;"observed"
2017;6;"LEMA";0,0636530474258669;4;"observed"
2017;6;"SASO";0,0159374094465372;5;"observed"
2017;6;"CHFU";0,0139090118806143;6;"observed"
2017;6;"PAIN";0,0138124215203323;7;"observed"
2017;6;"LYTR";0,0120737950352555;8;"observed"
2017;6;"SPRU";0,00531246981551241;9;"observed"
2017;6;"PUPA";0,00463633729353811;10;"observed"
2017;6;"RAPE";0,00183521684535883;11;"observed"
2017;7;"HOMA";0,552874743326489;1;"observed"
2017;7;"LYTR";0,203798767967146;2;"observed"
2017;7;"SASO";0,106776180698152;3;"observed"
2017;7;"PAIN";0,0616016427104723;4;"observed"
2017;7;"CHFU";0,0436344969199179;5;"observed"
2017;7;"RAPE";0,0164271047227926;6;"observed"
2017;7;"BEMA";0,0148870636550308;7;"observed"
2017;8;"PUPA";0,522191780821918;1;"observed"
2017;8;"HOMA";0,135342465753425;2;"observed"
2017;8;"SASO";0,128767123287671;3;"observed"
2017;8;"LYTR";0,0794520547945206;4;"observed"
2017;8;"PAIN";0,0564383561643836;5;"observed"
2017;8;"CHFU";0,0482191780821918;6;"observed"
2017;8;"POMA";0,0158904109589041;7;"observed"
2017;8;"BEMA";0,0136986301369863;8;"observed"
2017;9;"BEMA";1;1;"observed"
2018;1;"HOMA";0,864562276473332;1;"observed"
2018;1;"SASO";0,103716373814337;2;"observed"
2018;1;"LEMA";0,0151609392007464;3;"observed"
2018;1;"PUPA";0,0108847768620743;4;"observed"
2018;1;"CETE";0,00450940755714508;5;"observed"
2018;1;"POMA";0,000932980873892085;6;"observed"
2018;1;"PAIN";0,000155496812315348;7;"observed"
2018;1;"BEMA";7,77484061576738e-05;8;"observed"
2018;2;"HOMA";0,93461329469299;1;"observed"
2018;2;"CETE";0,0202861800398479;2;"observed"
2018;2;"SASO";0,0200144901285999;3;"observed"
2018;2;"PUPA";0,0159391414598805;4;"observed"
2018;2;"LEMA";0,00416591197246876;5;"observed"
2018;2;"POMA";0,00289802571997826;6;"observed"
2018;2;"BEMA";0,000815069733743887;7;"observed"
2018;2;"PAIN";0,000815069733743887;8;"observed"
2018;2;"MESU";9,05633037493208e-05;9;"observed"
2018;2;"PLCO";9,05633037493208e-05;10;"observed"
2018;2;"POMO";9,05633037493208e-05;11;"observed"
2018;2;"SCLA";9,05633037493208e-05;12;"observed"
2018;2;"SOAS";9,05633037493208e-05;13;"observed"
2018;3;"HOMA";0,832614322691976;1;"observed"
2018;3;"LEMA";0,0494391716997412;2;"observed"
2018;3;"SASO";0,0415012942191544;3;"observed"
2018;3;"PUPA";0,0312338222605695;4;"observed"
2018;3;"POMA";0,0223468507333909;5;"observed"
2018;3;"CETE";0,0207075064710958;6;"observed"
2018;3;"PAIN";0,00138050043140638;7;"observed"
2018;3;"BEMA";0,000603968938740293;8;"observed"
2018;3;"CHMI";0,000172562553925798;9;"observed"
2018;4;"HOMA";0,933409004918653;1;"observed"
2018;4;"SASO";0,0559969731365872;2;"observed"
2018;4;"PUPA";0,00718880060537268;3;"observed"
2018;4;"LYTR";0,00113507377979569;4;"observed"
2018;4;"POMA";0,00113507377979569;5;"observed"
2018;4;"BEMA";0,000378357926598562;6;"observed"
2018;4;"PAIN";0,000378357926598562;7;"observed"
2018;4;"SUSP";0,000378357926598562;8;"observed"
2018;5;"HOMA";0,913217391304348;1;"observed"
2018;5;"SASO";0,0782608695652174;2;"observed"
2018;5;"PUPA";0,00695652173913044;3;"observed"
2018;5;"POMA";0,00121739130434783;4;"observed"
2018;5;"BEMA";0,000347826086956522;5;"observed"
2018;6;"HOMA";0,965187858204203;1;"observed"
2018;6;"SASO";0,0322649119082997;2;"observed"
2018;6;"PUPA";0,00191042241562301;3;"observed"
2018;6;"POMA";0,000424538314582891;4;"observed"
2018;6;"PAIN";0,000212269157291446;5;"observed"
2018;7;"SASO";1;1;"observed"
2019;1;"HOMA";0,830128630155152;1;"observed"
2019;1;"PAIN";0,0911682800689564;2;"observed"
2019;1;"LEMA";0,0613976926137117;3;"observed"
2019;1;"CHFU";0,0127304071078106;4;"observed"
2019;1;"MESU";0,00404455642487734;5;"observed"
2019;1;"SASO";0,000265216814746055;6;"observed"
2019;1;"MEEL";0,000132608407373027;7;"observed"
2019;1;"POMA";0,000132608407373027;8;"observed"
2019;2;"HOMA";0,725545834318594;1;"observed"
2019;2;"PAIN";0,119413572948688;2;"observed"
2019;2;"LEMA";0,0684164893197761;3;"observed"
2019;2;"MESU";0,0658942224324111;4;"observed"
2019;2;"CHFU";0,0103255300701505;5;"observed"
2019;2;"SASO";0,0029163710885158;6;"observed"
2019;2;"BEMA";0,00236462520690471;7;"observed"
2019;2;"CETE";0,00212816268621424;8;"observed"
2019;2;"POMA";0,00118231260345235;9;"observed"
2019;2;"CHMI";0,000630566721841255;10;"observed"
2019;2;"PUPA";0,000551745881611098;11;"observed"
2019;2;"RAPE";0,000315283360920627;12;"observed"
2019;2;"MEEL";0,000157641680460314;13;"observed"
2019;2;"SCLA";7,88208402301568e-05;14;"observed"
2019;2;"SOAS";7,88208402301568e-05;15;"observed"
2019;3;"HOMA";0,828356635986791;1;"observed"
2019;3;"PAIN";0,121759291786693;2;"observed"
2019;3;"LEMA";0,0378697393381578;3;"observed"
2019;3;"CHFU";0,00723670343567765;4;"observed"
2019;3;"MESU";0,0023888147263402;5;"observed"
2019;3;"SASO";0,00203751844305487;6;"observed"
2019;3;"POMA";0,000281037026628258;7;"observed"
2019;3;"PUPA";7,02592566570646e-05;8;"observed"
2019;4;"HOMA";0,885787524921675;1;"observed"
2019;4;"PAIN";0,0328254058672743;2;"observed"
2019;4;"POMA";0,032398177157505;3;"observed"
2019;4;"LEMA";0,030190828823697;4;"observed"
2019;4;"CHFU";0,0152378239817716;5;"observed"
2019;4;"RAPE";0,000996866989461692;6;"observed"
2019;4;"BEMA";0,000854457419538593;7;"observed"
2019;4;"PLCO";0,000783252634577044;8;"observed"
2019;4;"MESU";0,000284819139846198;9;"observed"
2019;4;"CETE";0,000213614354884648;10;"observed"
2019;4;"SPRU";0,000213614354884648;11;"observed"
2019;4;"PUPA";0,000142409569923099;12;"observed"
2019;4;"SASO";7,12047849615494e-05;13;"observed"
2019;5;"HOMA";0,835652705179553;1;"observed"
2019;5;"PAIN";0,086891589165705;2;"observed"
2019;5;"LEMA";0,0391690991786029;3;"observed"
2019;5;"CHFU";0,0226732740479261;4;"observed"
2019;5;"POMA";0,0137125789152128;5;"observed"
2019;5;"SASO";0,000814608648428484;6;"observed"
2019;5;"RAPE";0,00067884054035707;7;"observed"
2019;5;"CETE";0,000135768108071414;8;"observed"
2019;5;"MEEL";0,000135768108071414;9;"observed"
2019;5;"SCLA";6,7884054035707e-05;10;"observed"
2019;5;"SOAS";6,7884054035707e-05;11;"observed"
2019;6;"HOMA";0,850174693430157;1;"observed"
2019;6;"PAIN";0,0599438240734397;2;"observed"
2019;6;"CHFU";0,039391655819689;3;"observed"
2019;6;"POMA";0,0300746728779886;4;"observed"
2019;6;"LEMA";0,0147290539151881;5;"observed"
2019;6;"PLCO";0,00493252038090018;6;"observed"
2019;6;"RAPE";0,000616565047612523;7;"observed"
2019;6;"CETE";6,85072275125026e-05;8;"observed"
2019;6;"SPRU";6,85072275125026e-05;9;"observed"
2019;7;"POMA";0,328527103486038;1;"observed"
2019;7;"RAPE";0,164628581858003;2;"observed"
2019;7;"BEMA";0,122467603577295;3;"observed"
2019;7;"SASO";0,0960029202409199;4;"observed"
2019;7;"SPRU";0,0731885380543895;5;"observed"
2019;7;"LEMA";0,0709983573644826;6;"observed"
2019;7;"CHFU";0,0443511589706151;7;"observed"
2019;7;"PAIN";0,0253695929914218;8;"observed"
2019;7;"CETE";0,0251870779339296;9;"observed"
2019;7;"PUPA";0,0251870779339296;10;"observed"
2019;7;"SOAS";0,0116809636795036;11;"observed"
2019;7;"MESU";0,00492790655229056;12;"observed"
2019;7;"HOMA";0,00292024091987589;13;"observed"
2019;7;"SCLA";0,00237269574739916;14;"observed"
2019;7;"POMO";0,00182515057492243;15;"observed"
2019;7;"CHMI";0,000182515057492243;16;"observed"
2019;7;"PLCO";0,000182515057492243;17;"observed"
2019;8;"POMA";0,462256809338521;1;"observed"
2019;8;"CHFU";0,148793774319066;2;"observed"
2019;8;"PUPA";0,0919844357976654;3;"observed"
2019;8;"CETE";0,0831128404669261;4;"observed"
2019;8;"RAPE";0,0638132295719844;5;"observed"
2019;8;"BEMA";0,0524513618677043;6;"observed"
2019;8;"SASO";0,027704280155642;7;"observed"
2019;8;"SPRU";0,022568093385214;8;"observed"
2019;8;"LEMA";0,0203891050583658;9;"observed"
2019;8;"PAIN";0,008715953307393;10;"observed"
2019;8;"MESU";0,00575875486381323;11;"observed"
2019;8;"PLCO";0,0046692607003891;12;"observed"
2019;8;"SOAS";0,00342412451361868;13;"observed"
2019;8;"HOMA";0,00311284046692607;14;"observed"
2019;8;"POMO";0,000933852140077821;15;"observed"
2019;8;"SCLA";0,000311284046692607;16;"observed"
2019;9;"POMA";0,302364511404059;1;"observed"
2019;9;"CHFU";0,259677756852898;2;"observed"
2019;9;"HOMA";0,253609541745135;3;"observed"
2019;9;"SOAS";0,0581711655157983;4;"observed"
2019;9;"POMO";0,0560786775476041;5;"observed"
2019;9;"LEMA";0,0236451140405943;6;"observed"
2019;9;"PAIN";0,0209248796819418;7;"observed"
2019;9;"MESU";0,0125549278091651;8;"observed"
2019;9;"SUSP";0,0108809374346098;9;"observed"
2019;9;"PLCO";0,000836995187277673;10;"observed"
2019;9;"SASO";0,000836995187277673;11;"observed"
2019;9;"BEMA";0,000418497593638837;12;"observed"
2015;1;"CETE";0,359363988926806;1;"increased.dispersal"
2015;1;"PUPA";0,167228317549171;2;"increased.dispersal"
2015;1;"LEMA";0,123461578118852;3;"increased.dispersal"
2015;1;"HOMA";0,0981223966257496;4;"increased.dispersal"
2015;1;"POMA";0,0699486035457485;5;"increased.dispersal"
2015;1;"PLCO";0,0650889831963394;6;"increased.dispersal"
2015;1;"SASO";0,0367960715507731;7;"increased.dispersal"
2015;1;"POMO";0,0295285035354043;8;"increased.dispersal"
2015;1;"SOAS";0,0174818388129135;9;"increased.dispersal"
2015;1;"BEMA";0,00881869507189176;10;"increased.dispersal"
2015;1;"PAIN";0,00858898502674174;11;"increased.dispersal"
2015;1;"MESU";0,00822412881428238;12;"increased.dispersal"
2015;1;"SCLA";0,00456146440016365;13;"increased.dispersal"
2015;1;"SPRU";0,00260068826402769;14;"increased.dispersal"
2015;1;"MEEL";0,000185756561135194;15;"increased.dispersal"
2015;2;"CETE";0,406375511354928;1;"increased.dispersal"
2015;2;"PUPA";0,215065694911467;2;"increased.dispersal"
2015;2;"LEMA";0,102032380156531;3;"increased.dispersal"
2015;2;"HOMA";0,0699153659791729;4;"increased.dispersal"
2015;2;"POMA";0,0535919697580996;5;"increased.dispersal"
2015;2;"PLCO";0,0473068933198572;6;"increased.dispersal"
2015;2;"SOAS";0,0250165507153007;7;"increased.dispersal"
2015;2;"POMO";0,0185377358753131;8;"increased.dispersal"
2015;2;"SASO";0,0158489619175223;9;"increased.dispersal"
2015;2;"MESU";0,0124428911667133;10;"increased.dispersal"
2015;2;"SPRU";0,011823229339148;11;"increased.dispersal"
2015;2;"BEMA";0,0077466638262738;12;"increased.dispersal"
2015;2;"SCLA";0,00718036025429227;13;"increased.dispersal"
2015;2;"PAIN";0,00556610043678422;14;"increased.dispersal"
2015;2;"MEEL";0,00154969098859635;15;"increased.dispersal"
2015;3;"LEMA";0,312723103637166;1;"increased.dispersal"
2015;3;"CETE";0,234896864777495;2;"increased.dispersal"
2015;3;"PUPA";0,110428771992516;3;"increased.dispersal"
2015;3;"CHFU";0,0937963215457252;4;"increased.dispersal"
2015;3;"POMA";0,0900236303437669;5;"increased.dispersal"
2015;3;"SASO";0,055910470754708;6;"increased.dispersal"
2015;3;"POMO";0,0328881204756465;7;"increased.dispersal"
2015;3;"MESU";0,0311233362020227;8;"increased.dispersal"
2015;3;"SOAS";0,0302874455292025;9;"increased.dispersal"
2015;3;"PAIN";0,00737297541290262;10;"increased.dispersal"
2015;3;"MEEL";0,000548959328847807;11;"increased.dispersal"
2015;4;"LEMA";0,408863562876695;1;"increased.dispersal"
2015;4;"PLCO";0,291118188639087;2;"increased.dispersal"
2015;4;"SASO";0,148832460073491;3;"increased.dispersal"
2015;4;"PUPA";0,119007435051259;4;"increased.dispersal"
2015;4;"PAIN";0,0193219671906462;5;"increased.dispersal"
2015;4;"BEMA";0,0128563861688232;6;"increased.dispersal"
2015;5;"LEMA";0,371706911580666;1;"increased.dispersal"
2015;5;"PLCO";0,257109706863966;2;"increased.dispersal"
2015;5;"PUPA";0,199684694471641;3;"increased.dispersal"
2015;5;"SASO";0,133914733946839;4;"increased.dispersal"
2015;5;"PAIN";0,0226871326998988;5;"increased.dispersal"
2015;5;"BEMA";0,0102864278429294;6;"increased.dispersal"
2015;5;"SOAS";0,00461039259406051;7;"increased.dispersal"
2015;6;"LEMA";0,293608169299368;1;"increased.dispersal"
2015;6;"PLCO";0,25416621486503;2;"increased.dispersal"
2015;6;"SPRU";0,149865889129255;3;"increased.dispersal"
2015;6;"POMA";0,127903289730232;4;"increased.dispersal"
2015;6;"SASO";0,126388443232052;5;"increased.dispersal"
2015;6;"PAIN";0,0229957048773034;6;"increased.dispersal"
2015;6;"BEMA";0,0100895749399888;7;"increased.dispersal"
2015;6;"MEEL";0,00822394562718628;8;"increased.dispersal"
2015;6;"SCLA";0,00664373870601465;9;"increased.dispersal"
2015;6;"MESU";0,000115029593569829;10;"increased.dispersal"
2015;7;"POMA";0,569741355280046;1;"increased.dispersal"
2015;7;"HOMA";0,358837245809773;2;"increased.dispersal"
2015;7;"SASO";0,071421398910181;3;"increased.dispersal"
2015;8;"POMA";0,567851607533575;1;"increased.dispersal"
2015;8;"HOMA";0,368585130415604;2;"increased.dispersal"
2015;8;"SASO";0,0635632620508206;3;"increased.dispersal"
2016;1;"CHFU";0,395479284068074;1;"increased.dispersal"
2016;1;"LEMA";0,294971387680917;2;"increased.dispersal"
2016;1;"HOMA";0,157059534763076;3;"increased.dispersal"
2016;1;"BEMA";0,0950052078257245;4;"increased.dispersal"
2016;1;"MESU";0,0328007534138208;5;"increased.dispersal"
2016;1;"SASO";0,0152625277997875;6;"increased.dispersal"
2016;1;"PLCO";0,00723613313595123;7;"increased.dispersal"
2016;1;"SCLA";0,00148491736235765;8;"increased.dispersal"
2016;1;"PAIN";0,000700253950291135;9;"increased.dispersal"
2016;2;"LEMA";0,336479754208102;1;"increased.dispersal"
2016;2;"CHFU";0,246848924071695;2;"increased.dispersal"
2016;2;"HOMA";0,15646532565111;3;"increased.dispersal"
2016;2;"BEMA";0,117549320983937;4;"increased.dispersal"
2016;2;"MESU";0,100232109087707;5;"increased.dispersal"
2016;2;"PLCO";0,0325716003872285;6;"increased.dispersal"
2016;2;"SCLA";0,00495724514069309;7;"increased.dispersal"
2016;2;"SASO";0,00399591072217583;8;"increased.dispersal"
2016;2;"PAIN";0,000899809747352109;9;"increased.dispersal"
2016;3;"CHFU";0,541772153099982;1;"increased.dispersal"
2016;3;"LEMA";0,231382671380668;2;"increased.dispersal"
2016;3;"HOMA";0,139585811170212;3;"increased.dispersal"
2016;3;"PLCO";0,0377142543134684;4;"increased.dispersal"
2016;3;"BEMA";0,0365176435672796;5;"increased.dispersal"
2016;3;"MESU";0,0094721722486232;6;"increased.dispersal"
2016;3;"SCLA";0,00344228911458348;7;"increased.dispersal"
2016;3;"PAIN";0,000113005105183447;8;"increased.dispersal"
2016;4;"LEMA";0,362662839013097;1;"increased.dispersal"
2016;4;"MESU";0,221056746515722;2;"increased.dispersal"
2016;4;"HOMA";0,181683877335478;3;"increased.dispersal"
2016;4;"BEMA";0,115025557120187;4;"increased.dispersal"
2016;4;"SASO";0,0489038658718853;5;"increased.dispersal"
2016;4;"PLCO";0,0345580279335525;6;"increased.dispersal"
2016;4;"MEEL";0,032218988128375;7;"increased.dispersal"
2016;4;"SCLA";0,00365318787980531;8;"increased.dispersal"
2016;4;"PAIN";0,000236910201898299;9;"increased.dispersal"
2016;5;"LEMA";0,3811901510494;1;"increased.dispersal"
2016;5;"MESU";0,295429413315891;2;"increased.dispersal"
2016;5;"HOMA";0,165396058357465;3;"increased.dispersal"
2016;5;"BEMA";0,0898401355720676;4;"increased.dispersal"
2016;5;"CHFU";0,0441491825012019;5;"increased.dispersal"
2016;5;"MEEL";0,0138031863859997;6;"increased.dispersal"
2016;5;"PLCO";0,00774334239724369;7;"increased.dispersal"
2016;5;"SCLA";0,00244853042073174;8;"increased.dispersal"
2016;6;"LEMA";0,392547139997509;1;"increased.dispersal"
2016;6;"HOMA";0,259441758128866;2;"increased.dispersal"
2016;6;"BEMA";0,111259138041542;3;"increased.dispersal"
2016;6;"PLCO";0,106389104190734;4;"increased.dispersal"
2016;6;"MESU";0,0534420721855409;5;"increased.dispersal"
2016;6;"SASO";0,049170305286173;6;"increased.dispersal"
2016;6;"SCLA";0,0107491095956403;7;"increased.dispersal"
2016;6;"MEEL";0,0101827116593571;8;"increased.dispersal"
2016;6;"SOAS";0,00670218653877018;9;"increased.dispersal"
2016;6;"PAIN";0,000116474375867586;10;"increased.dispersal"
2016;7;"CHFU";0,375745474540732;1;"increased.dispersal"
2016;7;"PUPA";0,198172527859874;2;"increased.dispersal"
2016;7;"LEMA";0,128515023704003;3;"increased.dispersal"
2016;7;"MESU";0,0916554171013273;4;"increased.dispersal"
2016;7;"BEMA";0,0865567572473041;5;"increased.dispersal"
2016;7;"POMA";0,0594479939085008;6;"increased.dispersal"
2016;7;"SOAS";0,0369590115683825;7;"increased.dispersal"
2016;7;"SASO";0,0118712943676331;8;"increased.dispersal"
2016;7;"HOMA";0,0103367369961158;9;"increased.dispersal"
2016;7;"SCLA";0,000739762706127932;10;"increased.dispersal"
2016;8;"CHFU";0,358068105039218;1;"increased.dispersal"
2016;8;"PUPA";0,357284221673589;2;"increased.dispersal"
2016;8;"MESU";0,105061853724845;3;"increased.dispersal"
2016;8;"POMA";0,0679287636295134;4;"increased.dispersal"
2016;8;"BEMA";0,0614099439985913;5;"increased.dispersal"
2016;8;"HOMA";0,027788705767082;6;"increased.dispersal"
2016;8;"SASO";0,0147812446050579;7;"increased.dispersal"
2016;8;"SOAS";0,00617662499521797;8;"increased.dispersal"
2016;8;"PLCO";0,000726098208721493;9;"increased.dispersal"
2016;8;"POMO";0,000422886372447687;10;"increased.dispersal"
2016;8;"SCLA";0,000262967815572845;11;"increased.dispersal"
2016;8;"PAIN";8,85841701432585e-05;12;"increased.dispersal"
2016;9;"SPRU";0,37216690040446;1;"increased.dispersal"
2016;9;"MESU";0,162892820245913;2;"increased.dispersal"
2016;9;"LEMA";0,128548863256076;3;"increased.dispersal"
2016;9;"BEMA";0,107972333707677;4;"increased.dispersal"
2016;9;"SOAS";0,0800452015979472;5;"increased.dispersal"
2016;9;"POMA";0,0747910261671033;6;"increased.dispersal"
2016;9;"PLCO";0,0267132973462043;7;"increased.dispersal"
2016;9;"HOMA";0,0254113319825953;8;"increased.dispersal"
2016;9;"SCLA";0,00922138319296499;9;"increased.dispersal"
2016;9;"POMO";0,00593202549671127;10;"increased.dispersal"
2016;9;"SASO";0,00572142327162857;11;"increased.dispersal"
2016;9;"PAIN";0,00058339333071978;12;"increased.dispersal"
2017;1;"PUPA";0,534626100391485;1;"increased.dispersal"
2017;1;"CETE";0,169874656323816;2;"increased.dispersal"
2017;1;"CHMI";0,0816281618968235;3;"increased.dispersal"
2017;1;"LEMA";0,0743642128196539;4;"increased.dispersal"
2017;1;"HOMA";0,0448694436782153;5;"increased.dispersal"
2017;1;"POMA";0,0442253409185282;6;"increased.dispersal"
2017;1;"PAIN";0,0347027358073725;7;"increased.dispersal"
2017;1;"SASO";0,013524946436778;8;"increased.dispersal"
2017;1;"BEMA";0,00170005985463013;9;"increased.dispersal"
2017;1;"MESU";0,000277777912214467;10;"increased.dispersal"
2017;1;"PLCO";0,000142267064490678;11;"increased.dispersal"
2017;1;"SCLA";6,42968959921107e-05;12;"increased.dispersal"
2017;2;"PUPA";0,530773951441341;1;"increased.dispersal"
2017;2;"CETE";0,343169690068458;2;"increased.dispersal"
2017;2;"LEMA";0,0374062433067514;3;"increased.dispersal"
2017;2;"HOMA";0,0221506922070865;4;"increased.dispersal"
2017;2;"CHMI";0,0213472487757483;5;"increased.dispersal"
2017;2;"POMA";0,0199477440715573;6;"increased.dispersal"
2017;2;"PAIN";0,0111205603633215;7;"increased.dispersal"
2017;2;"SASO";0,00465104518104787;8;"increased.dispersal"
2017;2;"CHFU";0,0040029417583511;9;"increased.dispersal"
2017;2;"MESU";0,00240765778300826;10;"increased.dispersal"
2017;2;"BEMA";0,00178083155246342;11;"increased.dispersal"
2017;2;"SCLA";0,00087554611596264;12;"increased.dispersal"
2017;2;"POMO";0,000286058464270407;13;"increased.dispersal"
2017;2;"MEEL";7,9788910632377e-05;14;"increased.dispersal"
2017;3;"PUPA";0,495465458460071;1;"increased.dispersal"
2017;3;"CHMI";0,173864182663195;2;"increased.dispersal"
2017;3;"CETE";0,111611078692796;3;"increased.dispersal"
2017;3;"LEMA";0,0734124724986055;4;"increased.dispersal"
2017;3;"POMA";0,0424098875440212;5;"increased.dispersal"
2017;3;"HOMA";0,0423953402082415;6;"increased.dispersal"
2017;3;"CHFU";0,0245788592925179;7;"increased.dispersal"
2017;3;"PAIN";0,0146779755302477;8;"increased.dispersal"
2017;3;"SASO";0,0121692205242223;9;"increased.dispersal"
2017;3;"BEMA";0,00516474217508494;10;"increased.dispersal"
2017;3;"PLCO";0,00272015660762684;11;"increased.dispersal"
2017;3;"SCLA";0,000942657896689751;12;"increased.dispersal"
2017;3;"POMO";0,000453199211776066;13;"increased.dispersal"
2017;3;"MESU";0,00013476869490435;14;"increased.dispersal"
2017;4;"PUPA";0,679881413438905;1;"increased.dispersal"
2017;4;"SPRU";0,116819438002659;2;"increased.dispersal"
2017;4;"POMA";0,0666846153224688;3;"increased.dispersal"
2017;4;"LEMA";0,0555826675558874;4;"increased.dispersal"
2017;4;"HOMA";0,0346067846914076;5;"increased.dispersal"
2017;4;"CHFU";0,0209635063703635;6;"increased.dispersal"
2017;4;"SASO";0,0155574084615976;7;"increased.dispersal"
2017;4;"PLCO";0,00672687801829973;8;"increased.dispersal"
2017;4;"PAIN";0,00224191046967107;9;"increased.dispersal"
2017;4;"POMO";0,000585848712524277;10;"increased.dispersal"
2017;4;"LYTR";0,000349528956216026;11;"increased.dispersal"
2017;5;"PUPA";0,580320243146134;1;"increased.dispersal"
2017;5;"CETE";0,198442549580168;2;"increased.dispersal"
2017;5;"SPRU";0,0769582582588144;3;"increased.dispersal"
2017;5;"LEMA";0,0442870957708594;4;"increased.dispersal"
2017;5;"POMA";0,0426073967173759;5;"increased.dispersal"
2017;5;"HOMA";0,0281731011426299;6;"increased.dispersal"
2017;5;"SASO";0,010793582456437;7;"increased.dispersal"
2017;5;"CHFU";0,0102297296312328;8;"increased.dispersal"
2017;5;"PAIN";0,00496413398602891;9;"increased.dispersal"
2017;5;"BEMA";0,00140232633342313;10;"increased.dispersal"
2017;5;"PLCO";0,00132723638295828;11;"increased.dispersal"
2017;5;"LYTR";0,000494346593938202;12;"increased.dispersal"
2017;6;"PUPA";0,735194428166219;1;"increased.dispersal"
2017;6;"POMA";0,100944346530126;2;"increased.dispersal"
2017;6;"HOMA";0,0614331104347463;3;"increased.dispersal"
2017;6;"LEMA";0,0439791111947968;4;"increased.dispersal"
2017;6;"SASO";0,0281093117367251;5;"increased.dispersal"
2017;6;"PLCO";0,0249646709544863;6;"increased.dispersal"
2017;6;"LYTR";0,00290121944981838;7;"increased.dispersal"
2017;6;"PAIN";0,00247380153308201;8;"increased.dispersal"
2017;8;"PUPA";0,640236413831556;1;"increased.dispersal"
2017;8;"LYTR";0,194929790546505;2;"increased.dispersal"
2017;8;"POMA";0,164833795621939;3;"increased.dispersal"
2018;1;"PUPA";0,610828276929355;1;"increased.dispersal"
2018;1;"CETE";0,27735007729785;2;"increased.dispersal"
2018;1;"LEMA";0,0489231859825063;3;"increased.dispersal"
2018;1;"SASO";0,027097401175793;4;"increased.dispersal"
2018;1;"HOMA";0,0266195006475494;5;"increased.dispersal"
2018;1;"POMA";0,00849211822142957;6;"increased.dispersal"
2018;1;"BEMA";0,000689439745516294;7;"increased.dispersal"
2018;2;"PUPA";0,54212747066008;1;"increased.dispersal"
2018;2;"CETE";0,366197570580812;2;"increased.dispersal"
2018;2;"LEMA";0,0260517458418053;3;"increased.dispersal"
2018;2;"HOMA";0,02544953603971;4;"increased.dispersal"
2018;2;"POMA";0,0187970022300822;5;"increased.dispersal"
2018;2;"SASO";0,0175342487729805;6;"increased.dispersal"
2018;2;"BEMA";0,00368269447403355;7;"increased.dispersal"
2018;2;"PAIN";0,000159731400496018;8;"increased.dispersal"
2018;3;"PUPA";0,619512560894049;1;"increased.dispersal"
2018;3;"CETE";0,277001172760577;2;"increased.dispersal"
2018;3;"LEMA";0,0378163008175686;3;"increased.dispersal"
2018;3;"POMA";0,0246306028588524;4;"increased.dispersal"
2018;3;"HOMA";0,0198396960819922;5;"increased.dispersal"
2018;3;"SASO";0,0127949160686598;6;"increased.dispersal"
2018;3;"CHMI";0,00477298513775865;7;"increased.dispersal"
2018;3;"BEMA";0,00339860379862826;8;"increased.dispersal"
2018;3;"PAIN";0,000233161581913899;9;"increased.dispersal"
2018;4;"PUPA";0,790861400904803;1;"increased.dispersal"
2018;4;"HOMA";0,0869981532963987;2;"increased.dispersal"
2018;4;"SASO";0,0646814638774309;3;"increased.dispersal"
2018;4;"LYTR";0,0324281380987801;4;"increased.dispersal"
2018;4;"POMA";0,0246802514206953;5;"increased.dispersal"
2018;4;"PAIN";0,000350592401892077;6;"increased.dispersal"
2018;5;"PUPA";0,907732253481879;1;"increased.dispersal"
2018;5;"HOMA";0,046958464824704;2;"increased.dispersal"
2018;5;"SASO";0,0272749351574651;3;"increased.dispersal"
2018;5;"POMA";0,0133576278482027;4;"increased.dispersal"
2018;5;"BEMA";0,00467671868774875;5;"increased.dispersal"
2018;6;"PUPA";0,888213172841145;1;"increased.dispersal"
2018;6;"SASO";0,0617332709808397;2;"increased.dispersal"
2018;6;"HOMA";0,0493712579368899;3;"increased.dispersal"
2018;6;"PAIN";0,00068229824112493;4;"increased.dispersal"
2019;1;"LEMA";0,426373237400933;1;"increased.dispersal"
2019;1;"HOMA";0,269548728056377;2;"increased.dispersal"
2019;1;"PAIN";0,22035363596023;3;"increased.dispersal"
2019;1;"SASO";0,0503428687128792;4;"increased.dispersal"
2019;1;"MESU";0,0223621332056586;5;"increased.dispersal"
2019;1;"POMA";0,00966369801522299;6;"increased.dispersal"
2019;1;"MEEL";0,00135569864869939;7;"increased.dispersal"
2019;2;"PUPA";0,232171708285039;1;"increased.dispersal"
2019;2;"LEMA";0,193442436364887;2;"increased.dispersal"
2019;2;"CETE";0,189564635647097;3;"increased.dispersal"
2019;2;"HOMA";0,119433883453078;4;"increased.dispersal"
2019;2;"PAIN";0,0995802606899674;5;"increased.dispersal"
2019;2;"MESU";0,0845125570138883;6;"increased.dispersal"
2019;2;"SASO";0,0530560080764901;7;"increased.dispersal"
2019;2;"CHMI";0,0148317815214839;8;"increased.dispersal"
2019;2;"POMA";0,00973382953489291;9;"increased.dispersal"
2019;2;"BEMA";0,00311798416364392;10;"increased.dispersal"
2019;2;"MEEL";0,000492672371833399;11;"increased.dispersal"
2019;2;"SCLA";6,22428776987607e-05;12;"increased.dispersal"
2019;3;"LEMA";0,394371348599991;1;"increased.dispersal"
2019;3;"PAIN";0,227250618104285;2;"increased.dispersal"
2019;3;"HOMA";0,222611336116577;3;"increased.dispersal"
2019;3;"SASO";0,0991721673073297;4;"increased.dispersal"
2019;3;"MESU";0,038071775087345;5;"increased.dispersal"
2019;3;"POMA";0,0185227547844727;6;"increased.dispersal"
2019;4;"POMA";0,275409497532922;1;"increased.dispersal"
2019;4;"LEMA";0,238457666471998;2;"increased.dispersal"
2019;4;"HOMA";0,152621361681136;3;"increased.dispersal"
2019;4;"CHFU";0,105802948614499;4;"increased.dispersal"
2019;4;"SPRU";0,077782245140214;5;"increased.dispersal"
2019;4;"CETE";0,0636017579061055;6;"increased.dispersal"
2019;4;"PAIN";0,0470382491586509;7;"increased.dispersal"
2019;4;"BEMA";0,0157616451020278;8;"increased.dispersal"
2019;4;"PLCO";0,0115153331153883;9;"increased.dispersal"
2019;4;"SASO";0,00800929697943977;10;"increased.dispersal"
2019;4;"MESU";0,00399999829761896;11;"increased.dispersal"
2019;5;"LEMA";0,33264434575056;1;"increased.dispersal"
2019;5;"POMA";0,208350624307223;2;"increased.dispersal"
2019;5;"HOMA";0,202666133329972;3;"increased.dispersal"
2019;5;"PAIN";0,161547946776542;4;"increased.dispersal"
2019;5;"SASO";0,0617317510090405;5;"increased.dispersal"
2019;5;"CETE";0,0270192961146114;6;"increased.dispersal"
2019;5;"SOAS";0,00518511161042335;7;"increased.dispersal"
2019;5;"MEEL";0,00085479110162844;8;"increased.dispersal"
2019;6;"LEMA";0,341499799535523;1;"increased.dispersal"
2019;6;"POMA";0,235401570932133;2;"increased.dispersal"
2019;6;"HOMA";0,190107252761625;3;"increased.dispersal"
2019;6;"PAIN";0,104764372274921;4;"increased.dispersal"
2019;6;"SPRU";0,0914389527360606;5;"increased.dispersal"
2019;6;"PLCO";0,0195256988796019;6;"increased.dispersal"
2019;6;"CETE";0,0172623528801363;7;"increased.dispersal"
2019;7;"SPRU";0,263730139728875;1;"increased.dispersal"
2019;7;"PUPA";0,2599763957296;2;"increased.dispersal"
2019;7;"CHFU";0,166909752597515;3;"increased.dispersal"
2019;7;"LEMA";0,123215740257543;4;"increased.dispersal"
2019;7;"CETE";0,103504819196167;5;"increased.dispersal"
2019;7;"BEMA";0,0378635838005347;6;"increased.dispersal"
2019;7;"POMA";0,0297379499264575;7;"increased.dispersal"
2019;7;"MESU";0,00471826821278255;8;"increased.dispersal"
2019;7;"SASO";0,00431236571184821;9;"increased.dispersal"
2019;7;"SOAS";0,00253924747402983;10;"increased.dispersal"
2019;7;"PAIN";0,0022086157554024;11;"increased.dispersal"
2019;7;"HOMA";0,000611543559142995;12;"increased.dispersal"
2019;7;"POMO";0,000282286867407093;13;"increased.dispersal"
2019;7;"PLCO";0,000236355429537608;14;"increased.dispersal"
2019;7;"SCLA";0,000152935753156361;15;"increased.dispersal"
2019;8;"CHFU";0,267513659355922;1;"increased.dispersal"
2019;8;"SPRU";0,214655674578315;2;"increased.dispersal"
2019;8;"PUPA";0,18079808611598;3;"increased.dispersal"
2019;8;"LEMA";0,151715067284217;4;"increased.dispersal"
2019;8;"POMA";0,0782935977275341;5;"increased.dispersal"
2019;8;"CETE";0,0630623070629927;6;"increased.dispersal"
2019;8;"BEMA";0,0218359629483594;7;"increased.dispersal"
2019;8;"HOMA";0,00929290366056604;8;"increased.dispersal"
2019;8;"SASO";0,00365550136431427;9;"increased.dispersal"
2019;8;"MESU";0,00271933382306943;10;"increased.dispersal"
2019;8;"SOAS";0,00246935915472294;11;"increased.dispersal"
2019;8;"POMO";0,00152975151457938;12;"increased.dispersal"
2019;8;"PLCO";0,0011929401954419;13;"increased.dispersal"
2019;8;"PAIN";0,000971637306804231;14;"increased.dispersal"
2019;8;"SCLA";0,00029421790718147;15;"increased.dispersal"
2019;9;"CHFU";0,35908261398723;1;"increased.dispersal"
2019;9;"LEMA";0,174141062079191;2;"increased.dispersal"
2019;9;"SOAS";0,148860929665192;3;"increased.dispersal"
2019;9;"POMA";0,133280138301361;4;"increased.dispersal"
2019;9;"POMO";0,10645003916272;5;"increased.dispersal"
2019;9;"HOMA";0,0599592039596909;6;"increased.dispersal"
2019;9;"PAIN";0,00487466331537464;7;"increased.dispersal"
2019;9;"SASO";0,00471871991239895;8;"increased.dispersal"
2019;9;"PLCO";0,00469454251241938;9;"increased.dispersal"
2019;9;"MESU";0,00285811893154112;10;"increased.dispersal"
2019;9;"BEMA";0,00107996817288088;11;"increased.dispersal"
2015;1;"CETE";0,426745465100542;1;"niche_fitness"
2015;1;"PUPA";0,205033705824469;2;"niche_fitness"
2015;1;"LEMA";0,119156253812805;3;"niche_fitness"
2015;1;"POMA";0,0603273503414738;4;"niche_fitness"
2015;1;"PLCO";0,0405554686804409;5;"niche_fitness"
2015;1;"HOMA";0,0364546584465262;6;"niche_fitness"
2015;1;"POMO";0,0342076043390935;7;"niche_fitness"
2015;1;"SOAS";0,0210425015196952;8;"niche_fitness"
2015;1;"SASO";0,0178468935461286;9;"niche_fitness"
2015;1;"BEMA";0,010523990147679;10;"niche_fitness"
2015;1;"PAIN";0,0105239165829182;11;"niche_fitness"
2015;1;"MESU";0,00946442428542778;12;"niche_fitness"
2015;1;"SCLA";0,00472480831981169;13;"niche_fitness"
2015;1;"SPRU";0,00318857082905072;14;"niche_fitness"
2015;1;"MEEL";0,00020438822393818;15;"niche_fitness"
2015;2;"CETE";0,454095002703057;1;"niche_fitness"
2015;2;"PUPA";0,247589756627557;2;"niche_fitness"
2015;2;"LEMA";0,0938567784424242;3;"niche_fitness"
2015;2;"POMA";0,0442157869342003;4;"niche_fitness"
2015;2;"PLCO";0,0287754737987086;5;"niche_fitness"
2015;2;"SOAS";0,0282938858309939;6;"niche_fitness"
2015;2;"HOMA";0,0257392147101768;7;"niche_fitness"
2015;2;"POMO";0,0202172930450479;8;"niche_fitness"
2015;2;"SPRU";0,0136113104661014;9;"niche_fitness"
2015;2;"MESU";0,0135586955747024;10;"niche_fitness"
2015;2;"BEMA";0,0086989538902852;11;"niche_fitness"
2015;2;"SCLA";0,00711192170228542;12;"niche_fitness"
2015;2;"PAIN";0,00641278161519176;13;"niche_fitness"
2015;2;"SASO";0,00631048845630113;14;"niche_fitness"
2015;2;"MEEL";0,00151265620296633;15;"niche_fitness"
2015;3;"CETE";0,305881233005494;1;"niche_fitness"
2015;3;"LEMA";0,256155376545749;2;"niche_fitness"
2015;3;"PUPA";0,149275935288313;3;"niche_fitness"
2015;3;"POMA";0,0786338215630102;4;"niche_fitness"
2015;3;"CHFU";0,0582905050125447;5;"niche_fitness"
2015;3;"POMO";0,0411658608385805;6;"niche_fitness"
2015;3;"SOAS";0,038255730741446;7;"niche_fitness"
2015;3;"MESU";0,0370249642724777;8;"niche_fitness"
2015;3;"SASO";0,0261463260322238;9;"niche_fitness"
2015;3;"PAIN";0,00859241684579777;10;"niche_fitness"
2015;3;"MEEL";0,000577829854362711;11;"niche_fitness"
2015;4;"LEMA";0,49409590172205;1;"niche_fitness"
2015;4;"PLCO";0,198006321141608;2;"niche_fitness"
2015;4;"PUPA";0,183265641893457;3;"niche_fitness"
2015;4;"SASO";0,08019272633811;4;"niche_fitness"
2015;4;"PAIN";0,0251829864860351;5;"niche_fitness"
2015;4;"BEMA";0,0192564224187394;6;"niche_fitness"
2015;5;"LEMA";0,425781229697098;1;"niche_fitness"
2015;5;"PUPA";0,291486928326235;2;"niche_fitness"
2015;5;"PLCO";0,165877084816514;3;"niche_fitness"
2015;5;"SASO";0,0680593631013803;4;"niche_fitness"
2015;5;"PAIN";0,0275971561432016;5;"niche_fitness"
2015;5;"BEMA";0,0145936185300112;6;"niche_fitness"
2015;5;"SOAS";0,00660461938555878;7;"niche_fitness"
2015;6;"LEMA";0,340503456271865;1;"niche_fitness"
2015;6;"SPRU";0,224642798532893;2;"niche_fitness"
2015;6;"PLCO";0,176655206765294;3;"niche_fitness"
2015;6;"POMA";0,129945932453316;4;"niche_fitness"
2015;6;"SASO";0,0666543590428136;5;"niche_fitness"
2015;6;"PAIN";0,0287763408202833;6;"niche_fitness"
2015;6;"BEMA";0,014674520115774;7;"niche_fitness"
2015;6;"MEEL";0,00975660877565764;8;"niche_fitness"
2015;6;"SCLA";0,00822507033767081;9;"niche_fitness"
2015;6;"MESU";0,000165706884432676;10;"niche_fitness"
2015;7;"POMA";0,721223347228545;1;"niche_fitness"
2015;7;"HOMA";0,196922418979799;2;"niche_fitness"
2015;7;"SASO";0,081854233791656;3;"niche_fitness"
2015;8;"POMA";0,727351597680854;1;"niche_fitness"
2015;8;"HOMA";0,204593090629343;2;"niche_fitness"
2015;8;"SASO";0,068055311689803;3;"niche_fitness"
2016;1;"CHFU";0,425727678944288;1;"niche_fitness"
2016;1;"LEMA";0,325295662085479;2;"niche_fitness"
2016;1;"BEMA";0,107798101617583;3;"niche_fitness"
2016;1;"HOMA";0,0701558419343359;4;"niche_fitness"
2016;1;"MESU";0,0409116522815399;5;"niche_fitness"
2016;1;"SASO";0,0185476370581503;6;"niche_fitness"
2016;1;"PLCO";0,00880727021182472;7;"niche_fitness"
2016;1;"SCLA";0,00186094236850733;8;"niche_fitness"
2016;1;"PAIN";0,000895213498291859;9;"niche_fitness"
2016;2;"LEMA";0,362436556049983;1;"niche_fitness"
2016;2;"CHFU";0,259653124072911;2;"niche_fitness"
2016;2;"BEMA";0,130404766142518;3;"niche_fitness"
2016;2;"MESU";0,122138379275435;4;"niche_fitness"
2016;2;"HOMA";0,0746450933228382;5;"niche_fitness"
2016;2;"PLCO";0,038767916326685;6;"niche_fitness"
2016;2;"SCLA";0,00609826478601919;7;"niche_fitness"
2016;2;"SASO";0,00473231373150772;8;"niche_fitness"
2016;2;"PAIN";0,00112358629210304;9;"niche_fitness"
2016;3;"CHFU";0,581002783860682;1;"niche_fitness"
2016;3;"LEMA";0,253391844736954;2;"niche_fitness"
2016;3;"HOMA";0,0624698668367317;3;"niche_fitness"
2016;3;"PLCO";0,0456632414990465;4;"niche_fitness"
2016;3;"BEMA";0,0412884277059828;5;"niche_fitness"
2016;3;"MESU";0,0117486428836472;6;"niche_fitness"
2016;3;"SCLA";0,00429205254430574;7;"niche_fitness"
2016;3;"PAIN";0,000143139932650642;8;"niche_fitness"
2016;4;"LEMA";0,385520751478217;1;"niche_fitness"
2016;4;"MESU";0,266277858924833;2;"niche_fitness"
2016;4;"BEMA";0,126114612566819;3;"niche_fitness"
2016;4;"HOMA";0,081372679137286;4;"niche_fitness"
2016;4;"SASO";0,0572569652490849;5;"niche_fitness"
2016;4;"PLCO";0,040635095162217;6;"niche_fitness"
2016;4;"MEEL";0,0380900921661092;7;"niche_fitness"
2016;4;"SCLA";0,00443973937520999;8;"niche_fitness"
2016;4;"PAIN";0,000292205940224223;9;"niche_fitness"
2016;5;"LEMA";0,402204985756256;1;"niche_fitness"
2016;5;"MESU";0,353561831326019;2;"niche_fitness"
2016;5;"BEMA";0,0976344118756751;3;"niche_fitness"
2016;5;"HOMA";0,0728318807865275;4;"niche_fitness"
2016;5;"CHFU";0,0456542117618931;5;"niche_fitness"
2016;5;"MEEL";0,0161313461165291;6;"niche_fitness"
2016;5;"PLCO";0,00903830496750012;7;"niche_fitness"
2016;5;"SCLA";0,00294302740960006;8;"niche_fitness"
2016;6;"LEMA";0,448762540528922;1;"niche_fitness"
2016;6;"PLCO";0,134682111089554;2;"niche_fitness"
2016;6;"BEMA";0,131212192992771;3;"niche_fitness"
2016;6;"HOMA";0,117986970352769;4;"niche_fitness"
2016;6;"MESU";0,0692742965096751;5;"niche_fitness"
2016;6;"SASO";0,0620811340416837;6;"niche_fitness"
2016;6;"SCLA";0,0140194921968296;7;"niche_fitness"
2016;6;"MEEL";0,0129311472578396;8;"niche_fitness"
2016;6;"SOAS";0,00889558630157769;9;"niche_fitness"
2016;6;"PAIN";0,000154528728378854;10;"niche_fitness"
2016;7;"PUPA";0,330573814881837;1;"niche_fitness"
2016;7;"CHFU";0,243656198930875;2;"niche_fitness"
2016;7;"MESU";0,122829116549248;3;"niche_fitness"
2016;7;"LEMA";0,079357665403032;4;"niche_fitness"
2016;7;"POMA";0,0749674459692462;5;"niche_fitness"
2016;7;"BEMA";0,0663729267725878;6;"niche_fitness"
2016;7;"SOAS";0,0623308361236262;7;"niche_fitness"
2016;7;"SASO";0,0128396238901791;8;"niche_fitness"
2016;7;"HOMA";0,00595816853634185;9;"niche_fitness"
2016;7;"SCLA";0,00111420294302662;10;"niche_fitness"
2016;8;"PUPA";0,487630510118992;1;"niche_fitness"
2016;8;"CHFU";0,237768217390405;2;"niche_fitness"
2016;8;"MESU";0,121648192167501;3;"niche_fitness"
2016;8;"POMA";0,0723310481286987;4;"niche_fitness"
2016;8;"BEMA";0,0428064606127695;5;"niche_fitness"
2016;8;"SASO";0,0144964044425105;6;"niche_fitness"
2016;8;"HOMA";0,0131063349078166;7;"niche_fitness"
2016;8;"SOAS";0,00856826052949832;8;"niche_fitness"
2016;8;"POMO";0,000593248473098033;9;"niche_fitness"
2016;8;"PLCO";0,000571944890577748;10;"niche_fitness"
2016;8;"SCLA";0,000361863109334423;11;"niche_fitness"
2016;8;"PAIN";0,000117515228798538;12;"niche_fitness"
2016;9;"SPRU";0,473242215716537;1;"niche_fitness"
2016;9;"MESU";0,167859030650417;2;"niche_fitness"
2016;9;"SOAS";0,102198901784693;3;"niche_fitness"
2016;9;"BEMA";0,0678215219980472;4;"niche_fitness"
2016;9;"LEMA";0,066946703439482;5;"niche_fitness"
2016;9;"POMA";0,066697067705999;6;"niche_fitness"
2016;9;"PLCO";0,0220560287370523;7;"niche_fitness"
2016;9;"HOMA";0,0110267621189155;8;"niche_fitness"
2016;9;"SCLA";0,00793299301266233;9;"niche_fitness"
2016;9;"POMO";0,0072867450400752;10;"niche_fitness"
2016;9;"SASO";0,00621516070842593;11;"niche_fitness"
2016;9;"PAIN";0,000716869087693159;12;"niche_fitness"
2017;1;"PUPA";0,551482989066112;1;"niche_fitness"
2017;1;"CETE";0,176733415510638;2;"niche_fitness"
2017;1;"CHMI";0,0850662561000981;3;"niche_fitness"
2017;1;"LEMA";0,0659363306323872;4;"niche_fitness"
2017;1;"POMA";0,0436227423410861;5;"niche_fitness"
2017;1;"PAIN";0,0362247208788677;6;"niche_fitness"
2017;1;"HOMA";0,0251434117491313;7;"niche_fitness"
2017;1;"SASO";0,0135219642263463;8;"niche_fitness"
2017;1;"BEMA";0,00177074364425218;9;"niche_fitness"
2017;1;"MESU";0,000289811701978706;10;"niche_fitness"
2017;1;"PLCO";0,000140609966719301;11;"niche_fitness"
2017;1;"SCLA";6,70041823829822e-05;12;"niche_fitness"
2017;2;"PUPA";0,537927429579389;1;"niche_fitness"
2017;2;"CETE";0,350769048046934;2;"niche_fitness"
2017;2;"LEMA";0,0320048540897459;3;"niche_fitness"
2017;2;"CHMI";0,0218565512351243;4;"niche_fitness"
2017;2;"POMA";0,0193334192365872;5;"niche_fitness"
2017;2;"HOMA";0,0125481162799685;6;"niche_fitness"
2017;2;"PAIN";0,0114049132295265;7;"niche_fitness"
2017;2;"SASO";0,00457145413573529;8;"niche_fitness"
2017;2;"CHFU";0,00402232221131714;9;"niche_fitness"
2017;2;"MESU";0,00246801176437596;10;"niche_fitness"
2017;2;"BEMA";0,00182235128600935;11;"niche_fitness"
2017;2;"SCLA";0,000896713597618386;12;"niche_fitness"
2017;2;"POMO";0,000292997321463532;13;"niche_fitness"
2017;2;"MEEL";8,18179862054136e-05;14;"niche_fitness"
2017;3;"PUPA";0,512507064079982;1;"niche_fitness"
2017;3;"CHMI";0,181678150861418;2;"niche_fitness"
2017;3;"CETE";0,11643190746177;3;"niche_fitness"
2017;3;"LEMA";0,065226662289569;4;"niche_fitness"
2017;3;"POMA";0,0420544379521516;5;"niche_fitness"
2017;3;"CHFU";0,0252407872685908;6;"niche_fitness"
2017;3;"HOMA";0,0192307851195899;7;"niche_fitness"
2017;3;"PAIN";0,0153627334110759;8;"niche_fitness"
2017;3;"SASO";0,0125182134630679;9;"niche_fitness"
2017;3;"BEMA";0,00539419291831183;10;"niche_fitness"
2017;3;"PLCO";0,00275495606362962;11;"niche_fitness"
2017;3;"SCLA";0,000985313865332697;12;"niche_fitness"
2017;3;"POMO";0,00047379795298934;13;"niche_fitness"
2017;3;"MESU";0,000140997292521664;14;"niche_fitness"
2017;4;"PUPA";0,700504292694685;1;"niche_fitness"
2017;4;"SPRU";0,121758259454279;2;"niche_fitness"
2017;4;"POMA";0,0657807494800064;3;"niche_fitness"
2017;4;"LEMA";0,0468620454046477;4;"niche_fitness"
2017;4;"CHFU";0,0214157763796251;5;"niche_fitness"
2017;4;"HOMA";0,0181129769723116;6;"niche_fitness"
2017;4;"SASO";0,0155276826109271;7;"niche_fitness"
2017;4;"PLCO";0,00672957752199317;8;"niche_fitness"
2017;4;"PAIN";0,00233512175421281;9;"niche_fitness"
2017;4;"POMO";0,0006100452994203;10;"niche_fitness"
2017;4;"LYTR";0,000363472427891327;11;"niche_fitness"
2017;5;"PUPA";0,592866277076506;1;"niche_fitness"
2017;5;"CETE";0,204475078095189;2;"niche_fitness"
2017;5;"SPRU";0,0795339706864324;3;"niche_fitness"
2017;5;"POMA";0,0416967233303694;4;"niche_fitness"
2017;5;"LEMA";0,0376229529773453;5;"niche_fitness"
2017;5;"HOMA";0,0142892599074045;6;"niche_fitness"
2017;5;"SASO";0,0107553553793529;7;"niche_fitness"
2017;5;"CHFU";0,0103616404400824;8;"niche_fitness"
2017;5;"PAIN";0,00513091345466724;9;"niche_fitness"
2017;5;"BEMA";0,00144649387413126;10;"niche_fitness"
2017;5;"PLCO";0,00131168553614447;11;"niche_fitness"
2017;5;"LYTR";0,000509649242375765;12;"niche_fitness"
2017;6;"PUPA";0,77284080661243;1;"niche_fitness"
2017;6;"POMA";0,101692517247236;2;"niche_fitness"
2017;6;"LEMA";0,0376836921060286;3;"niche_fitness"
2017;6;"SASO";0,0287106642396269;4;"niche_fitness"
2017;6;"HOMA";0,027363019164838;5;"niche_fitness"
2017;6;"PLCO";0,0260005554839989;6;"niche_fitness"
2017;6;"LYTR";0,00308296224209286;7;"niche_fitness"
2017;6;"PAIN";0,00262578290374903;8;"niche_fitness"
2017;8;"PUPA";0,66364588869138;1;"niche_fitness"
2017;8;"LYTR";0,257074379306536;2;"niche_fitness"
2017;8;"POMA";0,0792797320020845;3;"niche_fitness"
2018;1;"PUPA";0,620376674464441;1;"niche_fitness"
2018;1;"CETE";0,282185689089447;2;"niche_fitness"
2018;1;"LEMA";0,0493040678127642;3;"niche_fitness"
2018;1;"SASO";0,0249371619775015;4;"niche_fitness"
2018;1;"HOMA";0,0138767879211077;5;"niche_fitness"
2018;1;"POMA";0,00861714813445502;6;"niche_fitness"
2018;1;"BEMA";0,000702470600283361;7;"niche_fitness"
2018;2;"PUPA";0,550051065234264;1;"niche_fitness"
2018;2;"CETE";0,372209563492771;2;"niche_fitness"
2018;2;"LEMA";0,026227331437942;3;"niche_fitness"
2018;2;"POMA";0,0190547378501948;4;"niche_fitness"
2018;2;"SASO";0,0155120928396843;5;"niche_fitness"
2018;2;"HOMA";0,0130339561321444;6;"niche_fitness"
2018;2;"BEMA";0,00374857120759738;7;"niche_fitness"
2018;2;"PAIN";0,000162681805401313;8;"niche_fitness"
2018;3;"PUPA";0,626417947284049;1;"niche_fitness"
2018;3;"CETE";0,280585590058653;2;"niche_fitness"
2018;3;"LEMA";0,0379481913074387;3;"niche_fitness"
2018;3;"POMA";0,0248852807037091;4;"niche_fitness"
2018;3;"SASO";0,011492111131155;5;"niche_fitness"
2018;3;"HOMA";0,0101419707709499;6;"niche_fitness"
2018;3;"CHMI";0,00484470685678559;7;"niche_fitness"
2018;3;"BEMA";0,00344753896953448;8;"niche_fitness"
2018;3;"PAIN";0,000236662917725197;9;"niche_fitness"
2018;4;"PUPA";0,845798356347394;1;"niche_fitness"
2018;4;"SASO";0,0597884384653619;2;"niche_fitness"
2018;4;"LYTR";0,0348141395988391;3;"niche_fitness"
2018;4;"HOMA";0,0328520340267266;4;"niche_fitness"
2018;4;"POMA";0,0263708490156744;5;"niche_fitness"
2018;4;"PAIN";0,000376182546004324;6;"niche_fitness"
2018;5;"PUPA";0,937051259965327;1;"niche_fitness"
2018;5;"SASO";0,0248283290514606;2;"niche_fitness"
2018;5;"HOMA";0,0195002986216661;3;"niche_fitness"
2018;5;"POMA";0,0137767971167292;4;"niche_fitness"
2018;5;"BEMA";0,00484331524481673;5;"niche_fitness"
2018;6;"PUPA";0,920858010125754;1;"niche_fitness"
2018;6;"SASO";0,0554008119423432;2;"niche_fitness"
2018;6;"HOMA";0,0230313724275727;3;"niche_fitness"
2018;6;"PAIN";0,000709805504330241;4;"niche_fitness"
2019;1;"LEMA";0,482271854079371;1;"niche_fitness"
2019;1;"PAIN";0,258000806855566;2;"niche_fitness"
2019;1;"HOMA";0,163619651048753;3;"niche_fitness"
2019;1;"SASO";0,0579921180049883;4;"niche_fitness"
2019;1;"MESU";0,0259206691335183;5;"niche_fitness"
2019;1;"POMA";0,010608090813274;6;"niche_fitness"
2019;1;"MEEL";0,00158681006452899;7;"niche_fitness"
2019;2;"PUPA";0,250230601231344;1;"niche_fitness"
2019;2;"CETE";0,204434278000534;2;"niche_fitness"
2019;2;"LEMA";0,201829063551245;3;"niche_fitness"
2019;2;"PAIN";0,107570654967642;4;"niche_fitness"
2019;2;"MESU";0,0904611606622911;5;"niche_fitness"
2019;2;"HOMA";0,0592622697042119;6;"niche_fitness"
2019;2;"SASO";0,0563970389966719;7;"niche_fitness"
2019;2;"CHMI";0,016021433297788;8;"niche_fitness"
2019;2;"POMA";0,00986559993113818;9;"niche_fitness"
2019;2;"BEMA";0,00332865277030255;10;"niche_fitness"
2019;2;"MEEL";0,000532021395049453;11;"niche_fitness"
2019;2;"SCLA";6,72254917818533e-05;12;"niche_fitness"
2019;3;"LEMA";0,436040558607209;1;"niche_fitness"
2019;3;"PAIN";0,260229554534626;2;"niche_fitness"
2019;3;"HOMA";0,128993204880106;3;"niche_fitness"
2019;3;"SASO";0,11174982371869;4;"niche_fitness"
2019;3;"MESU";0,0431014112101157;5;"niche_fitness"
2019;3;"POMA";0,019885447049254;6;"niche_fitness"
2019;4;"POMA";0,286864398629942;1;"niche_fitness"
2019;4;"LEMA";0,255391191242507;2;"niche_fitness"
2019;4;"CHFU";0,114660008162482;3;"niche_fitness"
2019;4;"HOMA";0,0913143589415688;4;"niche_fitness"
2019;4;"SPRU";0,0861576887176106;5;"niche_fitness"
2019;4;"CETE";0,0704353948392711;6;"niche_fitness"
2019;4;"PAIN";0,0521539669633864;7;"niche_fitness"
2019;4;"BEMA";0,0171488119279995;8;"niche_fitness"
2019;4;"PLCO";0,0127470626648991;9;"niche_fitness"
2019;4;"SASO";0,00874090349258655;10;"niche_fitness"
2019;4;"MESU";0,00438621441774704;11;"niche_fitness"
2019;5;"LEMA";0,365760922287352;1;"niche_fitness"
2019;5;"POMA";0,222655358769926;2;"niche_fitness"
2019;5;"PAIN";0,1839431731636;3;"niche_fitness"
2019;5;"HOMA";0,120901540472796;4;"niche_fitness"
2019;5;"SASO";0,0691622652666339;5;"niche_fitness"
2019;5;"CETE";0,0307159884749336;6;"niche_fitness"
2019;5;"SOAS";0,00588771770631349;7;"niche_fitness"
2019;5;"MEEL";0,000973033858444524;8;"niche_fitness"
2019;6;"LEMA";0,372942796471577;1;"niche_fitness"
2019;6;"POMA";0,250258320842938;2;"niche_fitness"
2019;6;"PAIN";0,118509441943669;3;"niche_fitness"
2019;6;"HOMA";0,113426636570234;4;"niche_fitness"
2019;6;"SPRU";0,103312380101183;5;"niche_fitness"
2019;6;"PLCO";0,0220506506220483;6;"niche_fitness"
2019;6;"CETE";0,0194997734483497;7;"niche_fitness"
2019;7;"SPRU";0,308770803549865;1;"niche_fitness"
2019;7;"PUPA";0,300562496031816;2;"niche_fitness"
2019;7;"CETE";0,121038386462761;3;"niche_fitness"
2019;7;"CHFU";0,120944385177627;4;"niche_fitness"
2019;7;"LEMA";0,0820303129050777;5;"niche_fitness"
2019;7;"BEMA";0,0338201596899949;6;"niche_fitness"
2019;7;"POMA";0,0172967226057414;7;"niche_fitness"
2019;7;"MESU";0,00477926882445402;8;"niche_fitness"
2019;7;"SASO";0,00415291832812316;9;"niche_fitness"
2019;7;"SOAS";0,00294913278061709;10;"niche_fitness"
2019;7;"PAIN";0,00263203558355895;11;"niche_fitness"
2019;7;"POMO";0,000316136749492558;12;"niche_fitness"
2019;7;"PLCO";0,000268820811087656;13;"niche_fitness"
2019;7;"HOMA";0,000254135735346997;14;"niche_fitness"
2019;7;"SCLA";0,000184284764436085;15;"niche_fitness"
2019;8;"SPRU";0,270940975098875;1;"niche_fitness"
2019;8;"PUPA";0,225154666352542;2;"niche_fitness"
2019;8;"CHFU";0,224296755318908;3;"niche_fitness"
2019;8;"LEMA";0,110941517507732;4;"niche_fitness"
2019;8;"CETE";0,079135454877828;5;"niche_fitness"
2019;8;"POMA";0,0502154511045353;6;"niche_fitness"
2019;8;"BEMA";0,0207957548930645;7;"niche_fitness"
2019;8;"HOMA";0,00405002903409511;8;"niche_fitness"
2019;8;"SASO";0,00372729571971329;9;"niche_fitness"
2019;8;"SOAS";0,00296742409219667;10;"niche_fitness"
2019;8;"MESU";0,00284933678646978;11;"niche_fitness"
2019;8;"POMO";0,00186091257567581;12;"niche_fitness"
2019;8;"PLCO";0,00149266844007164;13;"niche_fitness"
2019;8;"PAIN";0,00118967509274804;14;"niche_fitness"
2019;8;"SCLA";0,000382083105543529;15;"niche_fitness"
2019;9;"CHFU";0,369274952521621;1;"niche_fitness"
2019;9;"SOAS";0,182572041915673;2;"niche_fitness"
2019;9;"LEMA";0,144447067383225;3;"niche_fitness"
2019;9;"POMO";0,13136486045452;4;"niche_fitness"
2019;9;"POMA";0,122859133595453;5;"niche_fitness"
2019;9;"HOMA";0,0274209551643308;6;"niche_fitness"
2019;9;"PLCO";0,00607537195491264;7;"niche_fitness"
2019;9;"SASO";0,00602139287831774;8;"niche_fitness"
2019;9;"PAIN";0,0054786220518153;9;"niche_fitness"
2019;9;"MESU";0,00311198500539125;10;"niche_fitness"
2019;9;"BEMA";0,00137361707474058;11;"niche_fitness"
2015;4;"PLCO";1;1;"only.fitness"
2015;5;"PLCO";1;1;"only.fitness"
2016;1;"LEMA";0,907843880257673;1;"only.fitness"
2016;1;"PLCO";0,0921561197423266;2;"only.fitness"
2016;2;"LEMA";0,573418539527537;1;"only.fitness"
2016;2;"SCLA";0,273784734688016;2;"only.fitness"
2016;2;"PLCO";0,152796725784447;3;"only.fitness"
2016;3;"PLCO";0,586717693246676;1;"only.fitness"
2016;3;"SCLA";0,293523803239748;2;"only.fitness"
2016;3;"LEMA";0,119758503513576;3;"only.fitness"
2016;4;"BEMA";0,413816486025497;1;"only.fitness"
2016;4;"MEEL";0,307373194775425;2;"only.fitness"
2016;4;"HOMA";0,190133258070955;3;"only.fitness"
2016;4;"SCLA";0,0393476541248272;4;"only.fitness"
2016;4;"PLCO";0,0332754579785545;5;"only.fitness"
2016;4;"LEMA";0,0160539490247412;6;"only.fitness"
2016;5;"MEEL";0,546029632095888;1;"only.fitness"
2016;5;"LEMA";0,302147494589645;2;"only.fitness"
2016;5;"PLCO";0,151822873314466;3;"only.fitness"
2016;6;"BEMA";0,695568005657827;1;"only.fitness"
2016;6;"PLCO";0,180493326168618;2;"only.fitness"
2016;6;"MEEL";0,0659285518420184;3;"only.fitness"
2016;6;"SCLA";0,0340630851183761;4;"only.fitness"
2016;6;"LEMA";0,0239470312131609;5;"only.fitness"
2016;7;"BEMA";0,741321637978702;1;"only.fitness"
2016;7;"HOMA";0,258678362021298;2;"only.fitness"
2016;8;"PLCO";1;1;"only.fitness"
2016;9;"PLCO";0,926264472882389;1;"only.fitness"
2016;9;"LEMA";0,0737355271176112;2;"only.fitness"
2017;4;"POMA";0,716619439881439;1;"only.fitness"
2017;4;"PLCO";0,237987159162853;2;"only.fitness"
2017;4;"PAIN";0,0322776106556905;3;"only.fitness"
2017;4;"LEMA";0,0131157903000175;4;"only.fitness"
2017;5;"POMA";0,843423093680731;1;"only.fitness"
2017;5;"PAIN";0,156576906319269;2;"only.fitness"
2017;6;"PLCO";1;1;"only.fitness"
2019;1;"PAIN";1;1;"only.fitness"
2019;3;"PAIN";0,89335611201071;1;"only.fitness"
2019;3;"POMA";0,10664388798929;2;"only.fitness"
2019;5;"PAIN";1;1;"only.fitness"
2015;1;"CETE";0,171525759322034;1;"only.niche"
2015;1;"LEMA";0,163971193480695;2;"only.niche"
2015;1;"HOMA";0,154930477636598;3;"only.niche"
2015;1;"PUPA";0,109397152912081;4;"only.niche"
2015;1;"PLCO";0,101999930092073;5;"only.niche"
2015;1;"POMA";0,0881926214652818;6;"only.niche"
2015;1;"POMO";0,0600822326184718;7;"only.niche"
2015;1;"SASO";0,0481541667477165;8;"only.niche"
2015;1;"BEMA";0,0285987156870699;9;"only.niche"
2015;1;"SOAS";0,026269226957392;10;"only.niche"
2015;1;"MESU";0,0164660426557389;11;"only.niche"
2015;1;"PAIN";0,0154392144155451;12;"only.niche"
2015;1;"SCLA";0,0122223557671275;13;"only.niche"
2015;1;"SPRU";0,00165988407394735;14;"only.niche"
2015;1;"MEEL";0,00109102616822935;15;"only.niche"
2015;2;"CETE";0,199488618681376;1;"only.niche"
2015;2;"PUPA";0,157510383897895;2;"only.niche"
2015;2;"LEMA";0,15002743480498;3;"only.niche"
2015;2;"HOMA";0,126198835517315;4;"only.niche"
2015;2;"PLCO";0,0829125122276475;5;"only.niche"
2015;2;"POMA";0,0738363230432218;6;"only.niche"
2015;2;"POMO";0,0417553963158522;7;"only.niche"
2015;2;"SOAS";0,0393129756108272;8;"only.niche"
2015;2;"BEMA";0,0290437844834104;9;"only.niche"
2015;2;"MESU";0,0260874592059904;10;"only.niche"
2015;2;"SASO";0,0217697188208415;11;"only.niche"
2015;2;"SCLA";0,0213787524937342;12;"only.niche"
2015;2;"MEEL";0,0128076137067131;13;"only.niche"
2015;2;"PAIN";0,0100105047140696;14;"only.niche"
2015;2;"SPRU";0,00785968647612619;15;"only.niche"
2015;3;"LEMA";0,34299219828192;1;"only.niche"
2015;3;"CETE";0,138339761567931;2;"only.niche"
2015;3;"POMA";0,112665965141077;3;"only.niche"
2015;3;"PUPA";0,0879733310922906;4;"only.niche"
2015;3;"SASO";0,0716030373878798;5;"only.niche"
2015;3;"POMO";0,0695574501615558;6;"only.niche"
2015;3;"MESU";0,0657609634847021;7;"only.niche"
2015;3;"CHFU";0,0482895746080492;8;"only.niche"
2015;3;"SOAS";0,0440093604001651;9;"only.niche"
2015;3;"PAIN";0,0142992732496956;10;"only.niche"
2015;3;"MEEL";0,00450908462473356;11;"only.niche"
2015;4;"LEMA";0,392505648404286;1;"only.niche"
2015;4;"PLCO";0,314729066463187;2;"only.niche"
2015;4;"SASO";0,152597182402852;3;"only.niche"
2015;4;"PUPA";0,0732008280153457;4;"only.niche"
2015;4;"PAIN";0,0362353279761238;5;"only.niche"
2015;4;"BEMA";0,0307319467382061;6;"only.niche"
2015;5;"LEMA";0,374926221693896;1;"only.niche"
2015;5;"PLCO";0,289218051491038;2;"only.niche"
2015;5;"SASO";0,139663668281195;3;"only.niche"
2015;5;"PUPA";0,119106532933856;4;"only.niche"
2015;5;"PAIN";0,0420816221914595;5;"only.niche"
2015;5;"BEMA";0,0294956333977747;6;"only.niche"
2015;5;"SOAS";0,00550827001078138;7;"only.niche"
2015;6;"PLCO";0,273858516273597;1;"only.niche"
2015;6;"LEMA";0,267658544162701;2;"only.niche"
2015;6;"SASO";0,125117417918646;3;"only.niche"
2015;6;"POMA";0,117940524449801;4;"only.niche"
2015;6;"SPRU";0,0813759803576979;5;"only.niche"
2015;6;"MEEL";0,055998169315702;6;"only.niche"
2015;6;"PAIN";0,0409889776776044;7;"only.niche"
2015;6;"BEMA";0,0249678507044659;8;"only.niche"
2015;6;"SCLA";0,0119263236440632;9;"only.niche"
2015;6;"MESU";0,000167695495722645;10;"only.niche"
2015;7;"POMA";0,490336534258678;1;"only.niche"
2015;7;"HOMA";0,405050493319716;2;"only.niche"
2015;7;"SASO";0,104612972421606;3;"only.niche"
2015;8;"POMA";0,492186243787818;1;"only.niche"
2015;8;"HOMA";0,419333761197696;2;"only.niche"
2015;8;"SASO";0,0884799950144859;3;"only.niche"
2016;1;"CHFU";0,281430387689554;1;"only.niche"
2016;1;"LEMA";0,268826334216615;2;"only.niche"
2016;1;"BEMA";0,183498388885114;3;"only.niche"
2016;1;"HOMA";0,17610203186399;4;"only.niche"
2016;1;"MESU";0,0410312520934199;5;"only.niche"
2016;1;"SASO";0,031577206817438;6;"only.niche"
2016;1;"PLCO";0,0139966427712404;7;"only.niche"
2016;1;"SCLA";0,00246613313507122;8;"only.niche"
2016;1;"PAIN";0,00107162252755751;9;"only.niche"
2016;2;"LEMA";0,275513331576007;1;"only.niche"
2016;2;"BEMA";0,207511846735688;2;"only.niche"
2016;2;"CHFU";0,162222529362375;3;"only.niche"
2016;2;"HOMA";0,159759720614509;4;"only.niche"
2016;2;"MESU";0,118738969537115;5;"only.niche"
2016;2;"PLCO";0,0594057179279472;6;"only.niche"
2016;2;"SCLA";0,00791633800070525;7;"only.niche"
2016;2;"SASO";0,00758467120954816;8;"only.niche"
2016;2;"PAIN";0,00134687503610532;9;"only.niche"
2016;3;"CHFU";0,402021450755942;1;"only.niche"
2016;3;"LEMA";0,23984807367594;2;"only.niche"
2016;3;"HOMA";0,175882753577599;3;"only.niche"
2016;3;"PLCO";0,0833394876815265;4;"only.niche"
2016;3;"BEMA";0,0783520258853494;5;"only.niche"
2016;3;"MESU";0,0131378215192935;6;"only.niche"
2016;3;"SCLA";0,00722851420793186;7;"only.niche"
2016;3;"PAIN";0,000189872696417388;8;"only.niche"
2016;4;"LEMA";0,226559889125239;1;"only.niche"
2016;4;"MESU";0,203954936778831;2;"only.niche"
2016;4;"BEMA";0,155312236647663;3;"only.niche"
2016;4;"HOMA";0,142805565964939;4;"only.niche"
2016;4;"MEEL";0,142292638059735;5;"only.niche"
2016;4;"SASO";0,0759273547480798;6;"only.niche"
2016;4;"PLCO";0,0476361110672142;7;"only.niche"
2016;4;"SCLA";0,00519265352473039;8;"only.niche"
2016;4;"PAIN";0,000318614083567514;9;"only.niche"
2016;5;"MESU";0,309506469603795;1;"only.niche"
2016;5;"LEMA";0,275411729568199;2;"only.niche"
2016;5;"HOMA";0,150363552161832;3;"only.niche"
2016;5;"BEMA";0,148030278562545;4;"only.niche"
2016;5;"MEEL";0,0761362329393325;5;"only.niche"
2016;5;"CHFU";0,0243920034087197;6;"only.niche"
2016;5;"PLCO";0,0126016469207676;7;"only.niche"
2016;5;"SCLA";0,00355808683480978;8;"only.niche"
2016;6;"LEMA";0,26325605256863;1;"only.niche"
2016;6;"HOMA";0,20761446754357;2;"only.niche"
2016;6;"BEMA";0,165551416275956;3;"only.niche"
2016;6;"PLCO";0,160053713718104;4;"only.niche"
2016;6;"SASO";0,0816921662784629;5;"only.niche"
2016;6;"MESU";0,052803236688937;6;"only.niche"
2016;6;"MEEL";0,0481783894584598;7;"only.niche"
2016;6;"SCLA";0,0148067844732894;8;"only.niche"
2016;6;"SOAS";0,00587097866658101;9;"only.niche"
2016;6;"PAIN";0,000172794328009285;10;"only.niche"
2016;7;"CHFU";0,186138054620222;1;"only.niche"
2016;7;"MESU";0,182707528723405;2;"only.niche"
2016;7;"PUPA";0,167781807397539;3;"only.niche"
2016;7;"BEMA";0,161532734125;4;"only.niche"
2016;7;"LEMA";0,0967316698986737;5;"only.niche"
2016;7;"POMA";0,0890659512918758;6;"only.niche"
2016;7;"SOAS";0,0604638789354606;7;"only.niche"
2016;7;"SASO";0,0314518499800228;8;"only.niche"
2016;7;"HOMA";0,0218030436279158;9;"only.niche"
2016;7;"SCLA";0,00232348139988534;10;"only.niche"
2016;8;"PUPA";0,261809513474339;1;"only.niche"
2016;8;"CHFU";0,229521743326516;2;"only.niche"
2016;8;"MESU";0,184166361749352;3;"only.niche"
2016;8;"BEMA";0,118880044713965;4;"only.niche"
2016;8;"POMA";0,104756205996495;5;"only.niche"
2016;8;"HOMA";0,0478914432987682;6;"only.niche"
2016;8;"SASO";0,0410783017120107;7;"only.niche"
2016;8;"SOAS";0,00805240723503813;8;"only.niche"
2016;8;"PLCO";0,00168520248874734;9;"only.niche"
2016;8;"POMO";0,000990418586923635;10;"only.niche"
2016;8;"SCLA";0,000931325428277582;11;"only.niche"
2016;8;"PAIN";0,000237031989567007;12;"only.niche"
2016;9;"MESU";0,245105138773573;1;"only.niche"
2016;9;"SPRU";0,200063094733294;2;"only.niche"
2016;9;"BEMA";0,161070183334574;3;"only.niche"
2016;9;"SOAS";0,103078239719242;4;"only.niche"
2016;9;"POMA";0,0827497105440202;5;"only.niche"
2016;9;"LEMA";0,0760163433782946;6;"only.niche"
2016;9;"PLCO";0,0456934310964825;7;"only.niche"
2016;9;"HOMA";0,0345206772930404;8;"only.niche"
2016;9;"SCLA";0,0206263217295605;9;"only.niche"
2016;9;"SASO";0,018184175578359;10;"only.niche"
2016;9;"POMO";0,0117152060256417;11;"only.niche"
2016;9;"PAIN";0,0011774777939183;12;"only.niche"
2017;1;"PUPA";0,385997469770132;1;"only.niche"
2017;1;"LEMA";0,117512840188317;2;"only.niche"
2017;1;"CHMI";0,107452989503947;3;"only.niche"
2017;1;"CETE";0,101099930709351;4;"only.niche"
2017;1;"HOMA";0,0872802905441953;5;"only.niche"
2017;1;"POMA";0,0861268645152795;6;"only.niche"
2017;1;"SASO";0,0539811150380029;7;"only.niche"
2017;1;"PAIN";0,052499913789598;8;"only.niche"
2017;1;"BEMA";0,00664695153708583;9;"only.niche"
2017;1;"MESU";0,00070888121503539;10;"only.niche"
2017;1;"PLCO";0,000531414579501719;11;"only.niche"
2017;1;"SCLA";0,000161338609553951;12;"only.niche"
2017;2;"PUPA";0,472770797581995;1;"only.niche"
2017;2;"CETE";0,239600797899745;2;"only.niche"
2017;2;"LEMA";0,0738293221805566;3;"only.niche"
2017;2;"HOMA";0,0530484621846302;4;"only.niche"
2017;2;"POMA";0,048645010785007;5;"only.niche"
2017;2;"CHMI";0,0382056770375582;6;"only.niche"
2017;2;"SASO";0,0238717975453145;7;"only.niche"
2017;2;"PAIN";0,0203315414287832;8;"only.niche"
2017;2;"CHFU";0,00829498406475432;9;"only.niche"
2017;2;"BEMA";0,0081862052428396;10;"only.niche"
2017;2;"MESU";0,00769808075955852;11;"only.niche"
2017;2;"SCLA";0,00347727513969214;12;"only.niche"
2017;2;"MEEL";0,00121626872188884;13;"only.niche"
2017;2;"POMO";0,000823779427676913;14;"only.niche"
2017;3;"PUPA";0,325270716726697;1;"only.niche"
2017;3;"CHMI";0,228656120552733;2;"only.niche"
2017;3;"LEMA";0,109129093234493;3;"only.niche"
2017;3;"HOMA";0,0812868078684923;4;"only.niche"
2017;3;"POMA";0,076485528725158;5;"only.niche"
2017;3;"CETE";0,0642735580993756;6;"only.niche"
2017;3;"CHFU";0,0313220594863067;7;"only.niche"
2017;3;"SASO";0,0307210396404884;8;"only.niche"
2017;3;"PAIN";0,0217802385263822;9;"only.niche"
2017;3;"BEMA";0,0193577502711431;10;"only.niche"
2017;3;"PLCO";0,00759330715455537;11;"only.niche"
2017;3;"SCLA";0,00291280720616827;12;"only.niche"
2017;3;"POMO";0,00088939171261289;13;"only.niche"
2017;3;"MESU";0,000321580795394992;14;"only.niche"
2017;4;"PUPA";0,507279418157295;1;"only.niche"
2017;4;"POMA";0,125717276142261;2;"only.niche"
2017;4;"SPRU";0,0928810296336286;3;"only.niche"
2017;4;"LEMA";0,0881555418621657;4;"only.niche"
2017;4;"HOMA";0,068560410712507;5;"only.niche"
2017;4;"SASO";0,0598783329382478;6;"only.niche"
2017;4;"CHFU";0,0312662280141262;7;"only.niche"
2017;4;"PLCO";0,0202229002435129;8;"only.niche"
2017;4;"PAIN";0,00429647821211989;9;"only.niche"
2017;4;"POMO";0,00147380565910096;10;"only.niche"
2017;4;"LYTR";0,000268578425034475;11;"only.niche"
2017;5;"PUPA";0,474798419495302;1;"only.niche"
2017;5;"CETE";0,147857219576543;2;"only.niche"
2017;5;"POMA";0,0877418013014124;3;"only.niche"
2017;5;"LEMA";0,0785900411908478;4;"only.niche"
2017;5;"SPRU";0,0709807986351262;5;"only.niche"
2017;5;"HOMA";0,0618267068167553;6;"only.niche"
2017;5;"SASO";0,0426786961201961;7;"only.niche"
2017;5;"CHFU";0,013485089531374;8;"only.niche"
2017;5;"PAIN";0,0092462042170487;9;"only.niche"
2017;5;"BEMA";0,00729266313070277;10;"only.niche"
2017;5;"PLCO";0,00502946502646468;11;"only.niche"
2017;5;"LYTR";0,000472894958227188;12;"only.niche"
2017;6;"PUPA";0,49995994446034;1;"only.niche"
2017;6;"POMA";0,166686860446583;2;"only.niche"
2017;6;"HOMA";0,112359814424271;3;"only.niche"
2017;6;"SASO";0,103801454373689;4;"only.niche"
2017;6;"PLCO";0,0558166377331097;5;"only.niche"
2017;6;"LEMA";0,0529867408836718;6;"only.niche"
2017;6;"PAIN";0,00438094392262982;7;"only.niche"
2017;6;"LYTR";0,00400760375570548;8;"only.niche"
2017;8;"PUPA";0,571400283684007;1;"only.niche"
2017;8;"LYTR";0,229040651902362;2;"only.niche"
2017;8;"POMA";0,199559064413631;3;"only.niche"
2018;1;"PUPA";0,512302131375035;1;"only.niche"
2018;1;"CETE";0,20943993062374;2;"only.niche"
2018;1;"LEMA";0,107205955346241;3;"only.niche"
2018;1;"SASO";0,091563889535507;4;"only.niche"
2018;1;"HOMA";0,0589398577082122;5;"only.niche"
2018;1;"POMA";0,0167698177614264;6;"only.niche"
2018;1;"BEMA";0,00377841764983781;7;"only.niche"
2018;2;"PUPA";0,477757180639995;1;"only.niche"
2018;2;"CETE";0,275723517949695;2;"only.niche"
2018;2;"SASO";0,0717023215166401;3;"only.niche"
2018;2;"HOMA";0,0585916901658969;4;"only.niche"
2018;2;"LEMA";0,0581782957975754;5;"only.niche"
2018;2;"POMA";0,0393870006681471;6;"only.niche"
2018;2;"BEMA";0,0183505657107197;7;"only.niche"
2018;2;"PAIN";0,000309427551330893;8;"only.niche"
2018;3;"PUPA";0,524287874334586;1;"only.niche"
2018;3;"CETE";0,207308525793591;2;"only.niche"
2018;3;"LEMA";0,0870156625827047;3;"only.niche"
2018;3;"POMA";0,0587638832114843;4;"only.niche"
2018;3;"SASO";0,0504522410136209;5;"only.niche"
2018;3;"HOMA";0,0465094078851018;6;"only.niche"
2018;3;"BEMA";0,0160565811968071;7;"only.niche"
2018;3;"CHMI";0,00916409893333549;8;"only.niche"
2018;3;"PAIN";0,000441725048768044;9;"only.niche"
2018;4;"PUPA";0,565076100168783;1;"only.niche"
2018;4;"SASO";0,22231531735134;2;"only.niche"
2018;4;"HOMA";0,159031510273899;3;"only.niche"
2018;4;"LYTR";0,029897079220639;4;"only.niche"
2018;4;"POMA";0,0231767820828968;5;"only.niche"
2018;4;"PAIN";0,000503210902441789;6;"only.niche"
2018;5;"PUPA";0,723805025388199;1;"only.niche"
2018;5;"SASO";0,114348934196099;2;"only.niche"
2018;5;"HOMA";0,110892969586902;3;"only.niche"
2018;5;"POMA";0,0306253931287382;4;"only.niche"
2018;5;"BEMA";0,0203276777000616;5;"only.niche"
2018;6;"PUPA";0,707452330144563;1;"only.niche"
2018;6;"SASO";0,200472884256961;2;"only.niche"
2018;6;"HOMA";0,0908790795301287;3;"only.niche"
2018;6;"PAIN";0,00119570606834769;4;"only.niche"
2019;1;"LEMA";0,35746023992953;1;"only.niche"
2019;1;"HOMA";0,261446399613976;2;"only.niche"
2019;1;"PAIN";0,242906971714772;3;"only.niche"
2019;1;"SASO";0,0973499310459214;4;"only.niche"
2019;1;"MESU";0,0250739818706922;5;"only.niche"
2019;1;"POMA";0,00808894346075656;6;"only.niche"
2019;1;"MEEL";0,00767353236435112;7;"only.niche"
2019;2;"LEMA";0,218120758882884;1;"only.niche"
2019;2;"HOMA";0,150194630290595;2;"only.niche"
2019;2;"SASO";0,135039090654336;3;"only.niche"
2019;2;"PAIN";0,133867907004391;4;"only.niche"
2019;2;"PUPA";0,118655039433131;5;"only.niche"
2019;2;"MESU";0,117000993676134;6;"only.niche"
2019;2;"CETE";0,0857287581194145;7;"only.niche"
2019;2;"CHMI";0,0165942850119955;8;"only.niche"
2019;2;"POMA";0,0147453284881523;9;"only.niche"
2019;2;"BEMA";0,00498889333117862;10;"only.niche"
2019;2;"MEEL";0,00490162659442251;11;"only.niche"
2019;2;"SCLA";0,000162688513365696;12;"only.niche"
2019;3;"LEMA";0,311783731276432;1;"only.niche"
2019;3;"PAIN";0,249937621139686;2;"only.niche"
2019;3;"HOMA";0,206027311672751;3;"only.niche"
2019;3;"SASO";0,178246402067942;4;"only.niche"
2019;3;"MESU";0,0393110401371864;5;"only.niche"
2019;3;"POMA";0,0146938937060011;6;"only.niche"
2019;4;"POMA";0,28929383879884;1;"only.niche"
2019;4;"LEMA";0,246939525582895;2;"only.niche"
2019;4;"HOMA";0,178088298753543;3;"only.niche"
2019;4;"CHFU";0,0805143237433249;4;"only.niche"
2019;4;"PAIN";0,0588480231372223;5;"only.niche"
2019;4;"BEMA";0,0356927299869692;6;"only.niche"
2019;4;"SPRU";0,0339622807127713;7;"only.niche"
2019;4;"CETE";0,0273094048025184;8;"only.niche"
2019;4;"PLCO";0,0258588109652999;9;"only.niche"
2019;4;"SASO";0,0181529105537577;10;"only.niche"
2019;4;"MESU";0,00533985296285857;11;"only.niche"
2019;5;"LEMA";0,291252814732266;1;"only.niche"
2019;5;"HOMA";0,20309874798582;2;"only.niche"
2019;5;"POMA";0,185924437048157;3;"only.niche"
2019;5;"PAIN";0,177540436463263;4;"only.niche"
2019;5;"SASO";0,121509345449274;5;"only.niche"
2019;5;"CETE";0,0112693870794851;6;"only.niche"
2019;5;"MEEL";0,00486473648745676;7;"only.niche"
2019;5;"SOAS";0,00454009475427762;8;"only.niche"
2019;6;"LEMA";0,334976430613874;1;"only.niche"
2019;6;"POMA";0,241011111895148;2;"only.niche"
2019;6;"HOMA";0,211721418445666;3;"only.niche"
2019;6;"PAIN";0,127379751407177;4;"only.niche"
2019;6;"SPRU";0,0388464363582582;5;"only.niche"
2019;6;"PLCO";0,0385161697190684;6;"only.niche"
2019;6;"CETE";0,00754868156080834;7;"only.niche"
2019;7;"PUPA";0,222241534000678;1;"only.niche"
2019;7;"SPRU";0,193731283631063;2;"only.niche"
2019;7;"CHFU";0,168055091055438;3;"only.niche"
2019;7;"LEMA";0,157680667698451;4;"only.niche"
2019;7;"BEMA";0,121527090718793;5;"only.niche"
2019;7;"CETE";0,069431947521853;6;"only.niche"
2019;7;"POMA";0,0310795698930427;7;"only.niche"
2019;7;"SASO";0,0132244612438556;8;"only.niche"
2019;7;"MESU";0,0114895016862538;9;"only.niche"
2019;7;"SOAS";0,00402176759655857;10;"only.niche"
2019;7;"PAIN";0,00368335791366081;11;"only.niche"
2019;7;"HOMA";0,00159085128194265;12;"only.niche"
2019;7;"PLCO";0,000888477787151866;13;"only.niche"
2019;7;"POMO";0,000828434151542468;14;"only.niche"
2019;7;"SCLA";0,000525963819715717;15;"only.niche"
2019;8;"CHFU";0,272691005423756;1;"only.niche"
2019;8;"LEMA";0,190254644068361;2;"only.niche"
2019;8;"SPRU";0,149805923597448;3;"only.niche"
2019;8;"PUPA";0,140424146606827;4;"only.niche"
2019;8;"POMA";0,0833078223073734;5;"only.niche"
2019;8;"BEMA";0,0683108570717511;6;"only.niche"
2019;8;"CETE";0,0390685382234795;7;"only.niche"
2019;8;"HOMA";0,0216197156178154;8;"only.niche"
2019;8;"SASO";0,0122950385302883;9;"only.niche"
2019;8;"MESU";0,00596363163597525;10;"only.niche"
2019;8;"PLCO";0,00501471459671615;11;"only.niche"
2019;8;"SOAS";0,00461749087522038;12;"only.niche"
2019;8;"POMO";0,00405702458531882;13;"only.niche"
2019;8;"PAIN";0,00143965762790411;14;"only.niche"
2019;8;"SCLA";0,00112978923176566;15;"only.niche"
2019;9;"CHFU";0,258177525620457;1;"only.niche"
2019;9;"POMO";0,176821802959123;2;"only.niche"
2019;9;"SOAS";0,176624042034928;3;"only.niche"
2019;9;"LEMA";0,150750759823711;4;"only.niche"
2019;9;"POMA";0,12473681154687;5;"only.niche"
2019;9;"HOMA";0,0772911596572777;6;"only.niche"
2019;9;"SASO";0,011764388785558;7;"only.niche"
2019;9;"PLCO";0,0108397540153986;8;"only.niche"
2019;9;"PAIN";0,00652007878903211;9;"only.niche"
2019;9;"MESU";0,00405883726222793;10;"only.niche"
2019;9;"BEMA";0,00241483950541641;11;"only.niche"
